timestamp,dissolved_co2,tds_voltage,turbidity_voltage,tds_ppm,turbidity_ntu,DO_mg_L
2026-03-28 11:48:32.932325+00:00,487,1.501580356336839,2.0646366856373044,581.1292690067573,2726.9065491567007,8.1563727501055
2026-03-28 11:52:32.793749+00:00,779,1.5023235402960962,2.24069631495813,581.497792213702,2888.6357884227464,7.823349822345404
2026-03-28 11:56:32.542795+00:00,857,1.5043078962256888,2.2431507177860315,582.4827116630887,2890.399516857181,7.78736383628839
2026-03-28 12:00:01.824746+00:00,881,1.5029925769240944,2.325730870461448,581.829711121277,2941.873796182598,7.681178122445198
2026-03-28 12:32:23.257435+00:00,772,1.5038406803056497,2.1669572673871533,582.250690115897,2829.3521804739394,7.716213381248468
2026-03-28 12:36:23.045946+00:00,773,1.5034256683379457,2.2354623735011976,582.0446566434243,2884.829604406231,7.604229347091568
2026-03-28 12:40:23.186032+00:00,800,1.5019660569572906,2.1591188436065365,581.320502866753,2822.3339354546415,7.676651690486293
2026-03-28 12:44:23.167685+00:00,810,1.503376755538559,2.245727063660039,582.020377717233,2892.236351847503,7.539032733391547
2026-03-28 12:48:23.051642+00:00,810,1.5023430289062443,2.280166140099405,581.5074586125913,2915.361821611713,7.478141699997061
2026-03-28 12:52:22.733950+00:00,826,1.5023325391710949,2.234476127595731,581.5022556616785,2884.105521496411,7.50131806157195
2026-03-28 12:56:23.032917+00:00,828,1.502832402722506,2.172687666813921,581.7502322598824,2834.3958592382105,7.556450928338499
2026-03-28 13:00:22.993117+00:00,846,1.5008810155465333,2.2361894152804154,580.7826604518164,2885.3619889906995,7.44636237585343
2026-03-28 13:04:22.983046+00:00,876,1.5041389968360597,2.304192677758645,582.3988267383891,2929.921528150031,7.343981463511337
2026-03-28 13:08:22.903477+00:00,889,1.5018992918978096,2.2686330443892455,581.2873964698258,2907.9134555341316,7.351503192712159
2026-03-28 13:12:23.215067+00:00,898,1.503901062485499,2.179597786305513,582.2806719290396,2840.38001842208,7.432655861421593
2026-03-28 13:16:23.130285+00:00,915,1.5028604030573207,2.135785204976623,581.7641254602049,2800.626896347865,7.46732629755182
2026-03-28 13:20:22.976096+00:00,917,1.5045312759784606,2.2140908851949357,582.5936697674907,2868.6509490240296,7.331232525266675
2026-03-28 13:24:31.702061+00:00,924,1.5018968328207647,2.2610863722546997,581.2861771311603,2902.8782980336146,7.248241612286694
2026-03-28 13:28:22.571802+00:00,942,1.5023105446148337,2.2251072247047263,581.4913463965364,2877.118354752226,7.259341656937021
2026-03-28 13:32:22.625394+00:00,960,1.5030858674588161,2.1614015518796506,581.8760062181325,2824.3920000072367,7.313520369646313
2026-03-28 13:36:22.658479+00:00,968,1.5000273702578477,2.155733466155573,580.3598038123109,2819.26021763881,7.292788558320925
2026-03-28 13:40:22.900123+00:00,968,1.5036655786607758,2.2473123717334564,582.1637533074726,2893.359223362765,7.145912940391373
2026-03-28 13:44:23.093914+00:00,977,1.50451771434467,2.1988243859331447,582.5869328845768,2856.467218076644,7.175542566707733
2026-03-28 13:48:22.591364+00:00,994,1.5040155598624225,2.1304162927476376,582.3375272494945,2795.45959835946,7.242194826482524
2026-03-28 13:52:22.547747+00:00,1027,1.5035646993524445,2.155427113402573,582.11367221473,2818.9808007412566,7.169692252062133
2026-03-28 13:56:23.568604+00:00,1049,1.5024793379507346,2.232499260184265,581.575071904625,2882.6475802473306,7.034486630034375
2026-03-28 14:00:23.241315+00:00,1067,1.5041882826724717,2.224325810938053,582.4233038328351,2876.5267032344454,7.012020943703426
2026-03-28 14:04:22.533395+00:00,1060,1.5039342796324402,2.1697688449762293,582.2971659142103,2831.8360182657325,7.0560650967865755
2026-03-28 14:08:22.894479+00:00,1072,1.5031119864823284,2.226952721687324,581.8889682300614,2878.5102507890188,6.949433553809584
2026-03-28 14:12:22.885629+00:00,1105,1.5026423343253166,2.176736975345976,581.6559313250564,2837.915536966312,6.978968588234411
2026-03-28 14:16:24.264607+00:00,1094,1.5021973910974435,2.123272633585414,581.4352250720933,2788.484051450241,7.030812126983154
2026-03-28 14:20:22.901429+00:00,1107,1.5011505068439337,2.2479365032976744,580.9162062357638,2893.799749875936,6.829158780576337
2026-03-28 14:24:22.796295+00:00,1109,1.504093496144308,2.175614338032264,582.3762302275611,2836.9434165897746,6.8901537906689905
2026-03-28 14:28:22.464046+00:00,1120,1.5000107666745246,2.1644024020160684,580.3515816502772,2827.07976919845,6.873743235705729
2026-03-28 14:32:22.914461+00:00,1112,1.502168205163002,2.3019288472808954,581.4207502935186,2928.6048810766824,6.681670878188805
2026-03-28 14:36:22.490329+00:00,1107,1.5028047664684732,2.262034214267984,581.7365199748306,2903.5177081751845,6.69246533559503
2026-03-28 14:40:22.794056+00:00,1087,1.5036344634645329,2.207484026353676,582.1483059284607,2863.442316440637,6.730054022719613
2026-03-28 14:44:22.887739+00:00,1095,1.5047116639301512,2.103413158792443,582.6832854213595,2768.4910963962657,6.850482697942409
2026-03-28 14:48:25.726090+00:00,1084,1.5037846936294545,2.235374295037597,582.2228919476718,2884.765027514214,6.634768523461745
2026-03-28 14:52:22.904778+00:00,1094,1.5022378858000986,2.1834446273642523,581.4553089271614,2843.6650178797227,6.668028754424491
2026-03-28 14:56:23.720659+00:00,1095,1.503456444276212,2.149579457677302,582.0599333703699,2813.6069768299903,6.685139451723654
2026-03-28 15:00:22.577526+00:00,1107,1.501063725333227,2.071240606322547,580.8731991258371,2734.2267514333316,6.7793990473197425
2026-03-28 15:04:22.851306+00:00,1129,1.5042885028007065,2.28869372655117,582.4730792968959,2920.6774875559595,6.444297920911797
2026-03-28 15:08:22.770987+00:00,1140,1.502379714926508,2.0997214265705537,581.5256553254569,2764.677138264992,6.661802985271708
2026-03-28 15:12:23.417160+00:00,1152,1.5017538625272608,2.2637839691384323,581.2152885916962,2904.6927968405153,6.403128812832469
2026-03-28 15:16:22.386531+00:00,1159,1.5017903705780942,2.184724478826396,581.2333896000368,2844.7505921562015,6.4668478207973275
2026-03-28 15:31:28.303520+00:00,1146,1.5024642260975962,2.1097406385823794,581.5675756649524,2774.9570371704576,6.4637689287763
2026-03-28 15:35:24.204395+00:00,1185,1.5020613181553717,2.2076071437793967,581.3677421411214,2863.5402725861977,6.282588476459404
2026-03-28 15:39:24.268254+00:00,1198,1.5052753424223766,2.1207969159115057,582.9633901764448,2786.039912850699,6.373346253296403
2026-03-28 15:43:39.070339+00:00,1209,1.501660415169602,2.1172659136517313,581.1689586772367,2782.5301869778114,6.345538974256225
2026-03-28 15:47:26.027416+00:00,1220,1.5025561371280574,2.159498001849432,581.6131693810541,2822.676588981304,6.247571884732872
2026-03-28 15:51:25.624535+00:00,1232,1.5025454378194305,2.145428975710235,581.6078616934419,2809.7463124298392,6.234794543813121
2026-03-28 15:55:24.255922+00:00,1243,1.502540471012798,2.109181031277343,581.6053977852478,2774.3888006306324,6.258314440809091
2026-03-28 15:59:24.183781+00:00,1243,1.5025677240271287,2.169127642414225,581.618917427042,2831.271118567817,6.135660534250412
2026-03-28 16:03:23.965688+00:00,1243,1.5019181976915006,2.1939847640230696,581.2967710182071,2852.4958406545584,6.070406572556326
2026-03-28 16:07:24.272210+00:00,1243,1.50179074944548,2.2236206987549063,581.2335774481861,2875.9916494925174,6.001579804432931
2026-03-28 16:11:24.122022+00:00,1254,1.501451013958958,2.107544045323047,581.0651513826234,2772.722543363514,6.134584550894005
2026-03-28 16:15:28.995481+00:00,1254,1.5006945695253289,2.1444063179592896,580.6902822201291,2808.7891369508643,6.045732010898812
2026-03-28 16:19:24.159911+00:00,1273,1.5027347257374772,2.0804279749012506,581.7017690352925,2744.248062250027,6.115167735379548
2026-03-28 16:23:26.925761+00:00,1278,1.5036511952023515,2.233382415559176,582.1566124870365,2883.299990235392,5.860016003851977
2026-03-28 16:27:25.450014+00:00,1289,1.5018130378115475,2.2312500503322483,581.2446284425853,2881.7217717474477,5.829967347360556
2026-03-28 16:31:24.499468+00:00,1289,1.5017892066740655,2.134088687443038,581.2328125192204,2799.0010671167765,5.932586522658104
2026-03-28 16:35:29.424530+00:00,1301,1.5020745835889557,2.246508257177101,581.3743206132601,2892.790373935558,5.749295627872901
2026-03-28 16:39:24.573777+00:00,1301,1.5018964274593585,2.1200437049528533,581.2859761320318,2785.2935846069586,5.892047765982758
2026-03-28 16:43:24.154062+00:00,1323,1.5007205190903674,2.1128132455456012,580.7031387081943,2778.064520152996,5.869608907744696
2026-03-28 16:47:24.465475+00:00,1323,1.504077037113102,2.1170099336691677,582.3680565354459,2782.2746633203533,5.833091474537723
2026-03-28 16:51:24.069258+00:00,1346,1.5029605906345624,2.15015410001348,581.8138387312925,2814.1384511845326,5.747962826223212
2026-03-28 16:55:26.120493+00:00,1357,1.5015746601996645,2.167959046024151,581.1264451951877,2830.239215147886,5.690627127489778
2026-03-28 16:59:24.446284+00:00,1369,1.502780225529386,2.1296345403438304,581.7243437140435,2794.7018152296714,5.716326404952742
2026-03-28 17:03:24.131392+00:00,1370,1.5018924191379015,2.181186561894127,581.2839886022143,2841.740768515506,5.611536863813845
2026-03-28 17:07:24.277129+00:00,1380,1.5021595761995101,2.177859755794078,581.4164708111734,2838.8849566336376,5.585490834143206
2026-03-28 17:11:24.153558+00:00,1380,1.5028452973081865,2.242351314347724,581.7566302590667,2889.826549620352,5.475056475671014
2026-03-28 17:15:24.154448+00:00,1391,1.5035471255507786,2.10586399389307,582.1049481376183,2771.0062067995614,5.6357305576495715
2026-03-28 17:19:23.708461+00:00,1403,1.5042220539396884,2.2016009260075293,582.4400763274855,2858.721944873201,5.464387460768826
2026-03-28 17:23:24.118003+00:00,1403,1.5044384040273395,2.144944556368293,582.5475359334149,2809.293203292442,5.516057286067407
2026-03-28 17:27:24.105901+00:00,1414,1.5020902023198297,2.1950408950051403,581.3820661889058,2853.3669751413554,5.415581150771056
2026-03-28 17:31:25.723960+00:00,1414,1.5017842884021488,2.182136509673014,581.2303739724908,2842.5516751269342,5.405695208000258
2026-03-28 17:35:23.724993+00:00,1414,1.5024986929953488,2.024094358322453,581.5846730960625,2679.8253226465476,5.640330065829597
2026-03-28 17:39:23.946665+00:00,1425,1.5025284139334847,2.172537458569353,581.5994166060761,2834.2645907858205,5.363235407846715
2026-03-28 17:43:23.932787+00:00,1425,1.5014886001518448,2.064757449831728,581.0837830209975,2727.0412890061816,5.50920875430079
2026-03-28 17:47:24.007954+00:00,1437,1.501620400121807,2.183941111247311,581.1491206887652,2844.0865729208,5.292641577031722
2026-03-28 17:51:24.267146+00:00,1447,1.5033362441084075,2.1674791821123844,582.0002696189383,2829.8145955645505,5.2878931289418665
2026-03-28 17:55:23.986572+00:00,1448,1.504325864585813,2.1353174778257853,582.4916363413633,2800.179301785298,5.309856853163293
2026-03-28 17:59:23.542335+00:00,1448,1.5020793340308425,2.1861825040539062,581.376676423603,2845.9828214971567,5.2110415419889735
2026-03-28 18:03:24.449499+00:00,1459,1.5015690538209825,2.1743137565310495,581.1236658915631,2835.8136787425265,5.200480779723418
2026-03-28 18:07:23.856156+00:00,1466,1.5020020903749554,2.2173887217057793,581.3383711849535,2871.2142592280898,5.117744925669006
2026-03-28 18:11:24.331659+00:00,1474,1.5011435500266255,2.066344564581317,580.9127584861583,2728.8090385277437,5.321046216745837
2026-03-28 18:15:24.404218+00:00,1471,1.5020058828063467,2.1903187898694143,581.3402518089671,2849.452619101018,5.103839376194051
2026-03-28 18:19:23.669631+00:00,1482,1.5028359339409825,2.1040934652332672,581.7519843641999,2769.1905939949966,5.207377013589317
2026-03-28 18:23:24.018605+00:00,1494,1.5022271135464014,2.142177852352871,581.4499662376961,2806.6952459409504,5.121748235164403
2026-03-28 18:27:23.627825+00:00,1482,1.5038019957363027,2.123514851284069,582.2314825700413,2788.722441940178,5.130210877950772
2026-03-28 18:31:23.990445+00:00,1493,1.502497400454654,2.1339273859594314,581.5840319190997,2798.846150786054,5.0895520845945414
2026-03-28 18:35:23.691382+00:00,1517,1.502889566391146,2.1654443662433085,581.7785960052701,2828.008304867363,5.016224979365717
2026-03-28 18:39:24.202049+00:00,1517,1.5021296592605142,2.127714815781,581.4016338850548,2792.835140755067,5.0512514686799115
2026-03-28 18:43:24.194365+00:00,1516,1.5038829709221335,2.0567820441019156,582.2716887179686,2718.072728722793,5.150520962028011
2026-03-28 18:47:23.538350+00:00,1528,1.5008334207775518,2.262400186100588,580.7590775776887,2903.764052488448,4.828991141460238
2026-03-28 18:51:24.141123+00:00,1539,1.5019320501679798,2.1459458343631357,581.3036399280373,2810.229184350872,4.957008490329549
2026-03-28 18:55:23.559676+00:00,1530,1.500884119672449,2.123946016351076,580.7841985515682,2789.1464690021967,4.972723168185717
2026-03-28 18:59:23.727688+00:00,1539,1.5032803237910772,2.1973247287876156,581.9725141569586,2855.242216341071,4.845310012098219
2026-03-28 19:03:23.564326+00:00,1551,1.50330549616452,2.118405667852693,581.985008066198,2783.666127059819,4.939116179221144
2026-03-28 19:07:23.836558+00:00,1559,1.5016625675974193,2.103644515786106,581.170025787422,2768.7290962464413,4.943049709976991
2026-03-28 19:11:23.871493+00:00,1562,1.5042676705437181,2.2424457272016114,582.4627324337398,2889.8942939958997,4.729542600596593
2026-03-28 19:15:23.822874+00:00,1573,1.5019177329429891,2.1187918394801644,581.2965405684597,2784.0503461698627,4.879968161227115
2026-03-28 19:19:23.411893+00:00,1573,1.500610977715127,2.2371280622270877,580.6488689577525,2886.047572119489,4.698750762358663
2026-03-28 19:23:23.681997+00:00,1585,1.501930236800972,2.2703878937695996,581.3027407453751,2909.0660071612756,4.642718461022385
2026-03-28 19:27:23.798186+00:00,1585,1.502696429532665,2.059634295316698,581.6827689640392,2721.296534526822,4.928319146197315
2026-03-28 19:31:23.841663+00:00,1596,1.5019799289813272,2.042979322784878,581.3273816987642,2702.214404496528,4.9411024066789375
2026-03-28 19:35:23.397053+00:00,1607,1.5049766913385605,2.131224197164769,582.8149698977254,2796.2412927375344,4.772503535231191
2026-03-28 19:39:23.844190+00:00,1607,1.5032814715143874,2.2016375325335025,581.9730838064943,2858.751556317832,4.65712912640239
2026-03-28 19:43:23.424025+00:00,1619,1.5043295584017293,2.092054753406143,582.4934710311932,2756.6590710484497,4.804631234646413
2026-03-28 19:47:23.835818+00:00,1619,1.5039121766849548,2.101633599161502,582.2861906459016,2766.656431611571,4.774662614567063
2026-03-28 19:51:23.641756+00:00,1619,1.5002233400394462,2.0491791927852363,580.4568560226381,2709.3904167437786,4.853334782267896
2026-03-28 19:55:23.753722+00:00,1630,1.5017902161107999,2.2110981020185383,581.2333130128428,2866.303654534372,4.586073757860345
2026-03-28 19:59:23.814221+00:00,1630,1.4989666665241912,2.0848237681429005,579.8347297132968,2748.975966230103,4.762313667393759
2026-03-28 20:03:23.958245+00:00,1641,1.5014625751147896,2.0765509625365888,581.0708822456517,2740.0421986008196,4.762711136916336
2026-03-28 20:07:23.352823+00:00,1653,1.5035738578854787,2.189069674009679,582.1182187832067,2848.4088164616096,4.574832507207896
2026-03-28 20:11:23.623322+00:00,1653,1.501221441542427,2.1766766346053363,580.9513619252737,2837.8633581923386,4.580914183300784
2026-03-28 20:15:23.432688+00:00,1653,1.5014669120519806,2.1411159894469467,581.0730320765956,2805.6935932318747,4.622279747713039
2026-03-28 20:19:23.759402+00:00,1664,1.5026200244573953,2.0711077901923884,581.6448632789787,2734.0804926032442,4.725511110829855
2026-03-28 20:23:23.694514+00:00,1664,1.5031712511883553,2.11387333874851,581.9183802284368,2779.131737554275,4.643761118214824
2026-03-28 20:27:24.068133+00:00,1675,1.501796786575997,2.0951813457079957,581.2365707550011,2759.944871539363,4.663748123796174
2026-03-28 20:31:23.431983+00:00,1675,1.5019153632382665,2.117676297375352,581.2953655301276,2782.939532737071,4.6185137414960575
2026-03-28 20:35:23.578867+00:00,1687,1.5031911756822183,2.2022512581869735,581.9282686660533,2859.247558956944,4.485832482554862
2026-03-28 20:39:23.758089+00:00,1687,1.50252341302106,2.162413257773132,581.5969358083014,2825.300408591528,4.533212704911651
2026-03-28 20:43:23.721544+00:00,1698,1.5018744291685453,2.0586200985452887,581.2750683279712,2720.15230984179,4.693534610562305
2026-03-28 20:47:23.270189+00:00,1698,1.5025924944528453,2.0465785445618923,581.6312057319833,2706.390795193728,4.709531688875778
2026-03-28 20:51:23.406249+00:00,1710,1.5023048398264431,2.154324349014565,581.4885168578057,2817.9732551381603,4.522278577953018
2026-03-28 20:55:23.665834+00:00,1710,1.5025175445518828,2.1674577599980633,581.5940246535104,2829.795627639408,4.498220599845879
2026-03-28 20:59:23.730650+00:00,1710,1.5046120412210144,2.0934442153702078,582.6337920627145,2758.1219896361754,4.608950518644285
2026-03-28 21:03:23.232422+00:00,1721,1.5018429812186775,2.0748346191623934,581.259475221444,2738.169517637737,4.634994844513054
2026-03-28 21:07:23.665079+00:00,1721,1.501560270792926,2.0351808806032223,581.1193118190297,2693.065823415518,4.704093045330687
2026-03-28 21:11:23.525075+00:00,1732,1.503903187620993,2.1813313567549866,582.2817271543296,2841.8645007809173,4.459907095490843
2026-03-28 21:15:23.245611+00:00,1744,1.5013589236429847,2.1675218166903685,581.0195038753097,2829.852342722609,4.474633065524646
2026-03-28 21:19:23.688227+00:00,1744,1.5042686551615188,2.164213466076572,582.4632214654932,2826.911140323972,4.477580935474551
2026-03-28 21:23:23.586823+00:00,1750,1.5019708637225775,2.171128387561167,581.3228864285513,2833.030728195553,4.465378825041825
2026-03-28 21:27:23.207616+00:00,1755,1.5022917120056072,2.1076891277760987,581.4820055849333,2772.870462577913,4.560478638907332
2026-03-28 21:31:23.326518+00:00,1755,1.503082752452465,2.1433337189453097,581.8744603587226,2807.7827000672605,4.504209209899044
2026-03-28 21:35:23.392611+00:00,1766,1.5036575147330289,2.1053011612193,582.1597498762283,2770.4298039147216,4.562605989722654
2026-03-28 21:39:23.691608+00:00,1779,1.5033976569037288,2.108615398669923,582.0307524607751,2773.8137327736285,4.5556772052941215
2026-03-28 21:43:23.552804+00:00,1778,1.5019564625181632,2.008237758456736,581.3157452340118,2660.409310998022,4.739705845092936
2026-03-28 21:47:23.142242+00:00,1778,1.5017607678962352,2.1328608342176874,581.2187122982571,2797.82035147643,4.520829245753098
2026-03-28 21:51:23.496440+00:00,1789,1.502617198464394,2.167670167082404,581.6434613008481,2829.9836552058414,4.469647214623431
2026-03-28 21:55:23.407476+00:00,1793,1.5023617342785536,2.1858005237148728,581.5167366469799,2845.6604567472486,4.446836249019069
2026-03-28 21:59:23.187887+00:00,1801,1.5014292751271074,2.076900356026915,581.0543755721933,2740.422608849316,4.618225421938519
2026-03-28 22:03:23.612499+00:00,1801,1.5026928993915365,2.2378922076626324,581.6810175644903,2886.6042423567023,4.387429087415544
2026-03-28 22:07:23.095173+00:00,1816,1.5033930834669427,2.2200219794751925,582.0284823457225,2873.2435136293498,4.410865706381825
2026-03-28 22:11:23.546944+00:00,1812,1.502400153530023,2.0959030727727863,581.5357933234134,2760.7002375935717,4.597887525057945
2026-03-28 22:15:23.369362+00:00,1835,1.5040774419834895,2.103285906791073,582.3682575963307,2768.360139533437,4.587101494294621
2026-03-28 22:19:23.515633+00:00,1835,1.5026933929043798,2.1898284001613586,581.6812624094484,2849.0432500660636,4.463775644033813
2026-03-28 22:23:23.477747+00:00,1838,1.502014533843557,2.1394329289148524,581.3445417794725,2804.1007902006204,4.542403252397095
2026-03-28 22:27:23.182965+00:00,1835,1.5023223373308312,2.11556768397249,581.4971955442516,2780.83224050007,4.587846554030085
2026-03-28 22:31:23.197497+00:00,1846,1.5015306083901818,2.1111271226665522,581.1046072634127,2776.3618779715607,4.600961603032574
2026-03-28 22:35:23.297545+00:00,1846,1.5009659339851071,2.132140180805967,580.8247388828603,2797.1257908616835,4.576104556545605
2026-03-28 22:39:23.383000+00:00,1868,1.5027761673958822,2.221824142676885,581.7223302458772,2874.6233499853843,4.456414976231684
2026-03-28 22:43:23.916890+00:00,1846,1.5011813644996093,2.1210567273028254,580.9314992736204,2786.29705524588,4.612146450429652
2026-03-28 22:47:23.143817+00:00,1869,1.5017763359914589,2.1418640092344807,581.2264310757761,2806.399461513054,4.585593637431889
2026-03-28 22:51:23.603310+00:00,1881,1.5021003572394016,2.209268756015078,581.3871022193146,2864.858981629921,4.499958308369375
2026-03-28 22:55:23.549827+00:00,1881,1.5026707223880749,2.2366771750564842,581.6700150451383,2885.71849274379,4.4775503527586435
2026-03-28 22:59:23.578883+00:00,1892,1.5027632806022588,2.134730930438066,581.7159364208455,2799.6173085831124,4.625555310348075
2026-03-28 23:03:23.203464+00:00,1904,1.5022763316804573,2.116186689343216,581.4743771673183,2781.4518911220785,4.66465145785283
2026-03-28 23:07:23.144441+00:00,1904,1.499895159406901,2.171963942590106,580.2943350937813,2833.762924527058,4.593197592062198
2026-03-28 23:11:23.381469+00:00,1904,1.5019663700220989,2.192593594184878,581.3206581079818,2851.344539648292,4.578082057290763
2026-03-28 23:15:23.410450+00:00,1915,1.5012852736692628,2.1007310659985245,580.9829990189187,2765.723238829214,4.727322521731028
2026-03-28 23:19:23.316164+00:00,1915,1.5020840301329437,2.307740518447787,581.3790052937495,2931.961856018592,4.4741819727132395
2026-03-28 23:23:23.120742+00:00,1926,1.503409050832299,2.1204614344595902,582.0364080921667,2785.7076539852187,4.721888009832413
2026-03-28 23:42:51.011608+00:00,1911,1.503195013564225,2.21620725045294,581.9301734055783,2870.298738249732,4.664701633911268
2026-03-28 23:46:50.719702+00:00,1959,1.5024959160131857,2.1189003877003336,581.5832955486666,2784.1582853942073,4.811502063891958
2026-03-28 23:50:50.412713+00:00,1990,1.5028408085069416,2.21813731908273,581.7544030117937,2871.7927278378156,4.6825599991954165
2026-03-28 23:54:50.605412+00:00,2031,1.5004502650253198,2.2834528429801915,580.569255045729,2917.4298850426712,4.619708211249854
2026-03-28 23:58:50.695666+00:00,2087,1.5024727342500488,2.1407351676449964,581.5717961270418,2805.3337493935705,4.808081689940964
2026-03-29 00:02:50.702263+00:00,2105,1.5029909241866062,2.0633143502562885,581.8288909832888,2725.4290461031424,4.952289314648808
2026-03-29 00:06:50.797970+00:00,2096,1.5013968552073895,2.2020909662859705,581.0383055126208,2859.118095200337,4.758593317347407
2026-03-29 00:10:50.612969+00:00,2087,1.502732967688547,2.1728849653513973,581.7008967953352,2834.568203540108,4.819742071596114
2026-03-29 00:14:50.676115+00:00,2068,1.501792842751809,2.0718267612334627,581.2346153418475,2734.8717605887714,5.004015105095945
2026-03-29 00:18:50.387164+00:00,2078,1.5034533702450414,2.2740360990238013,582.0584074513977,2911.439994129514,4.73906029362383
2026-03-29 00:22:50.607278+00:00,2078,1.5035858678877674,2.144595914919981,582.1241809498962,2808.966770703243,4.925042109231892
2026-03-29 00:26:50.260465+00:00,2087,1.5016171032294265,2.1008192529379217,581.1474862354667,2765.8145019956182,5.014353531717282
2026-03-29 00:30:50.514794+00:00,2096,1.5040175011048864,2.2839139257869587,582.3384912404979,2917.718072066262,4.790446030432009
2026-03-29 00:34:50.494939+00:00,2096,1.5020371211968258,2.1900378122183133,581.3557427639264,2849.2181296341487,4.922988275628996
2026-03-29 00:38:50.237393+00:00,2105,1.5047428460947843,2.207437509394185,582.6987776765909,2863.4052972250265,4.921271596778537
2026-03-29 00:42:50.583571+00:00,2102,1.501682013152483,2.207636073254047,581.1796663921972,2863.5632848694886,4.944744333315723
2026-03-29 00:46:50.367113+00:00,2105,1.502351820860612,2.3063566517320693,581.5118194866761,2931.1693632516526,4.859010438557219
2026-03-29 00:50:50.490475+00:00,2105,1.5025346441008578,2.1911554122061396,581.6025072112498,2850.1497734020504,5.013163352517256
2026-03-29 00:54:50.862825+00:00,2105,1.501381432431257,2.1152217726684115,581.0306608051135,2780.4855946558355,5.14941132636665
2026-03-29 00:58:50.785341+00:00,2105,1.5002155694313284,2.0202076321404183,580.453007449324,2675.1182482957383,5.343408376145745
2026-03-29 01:02:51.118768+00:00,2105,1.501330202484655,2.151371761170201,581.0052679142601,2815.262194653901,5.1430067149759955
2026-03-29 01:06:50.590048+00:00,2105,1.5035890204306188,2.2798482214172657,582.1257459858414,2915.16049645588,5.007642502620174
2026-03-29 01:10:50.752679+00:00,2105,1.501902923008683,2.145834006678522,581.2891969678151,2810.1247607922305,5.202096204763162
2026-03-29 10:48:48.719956+00:00,1624,1.5024013963518612,2.216787919598506,581.5364097951006,2870.749089103094,7.924371265190503
2026-03-31 11:06:15.450852+00:00,967,1.5046078082045913,2.3373057933285537,582.6316891424416,2947.867681571458,7.871696111110133
2026-03-31 11:10:15.536495+00:00,1200,1.5033783604358555,2.2815729487584164,582.021174329597,2916.249978640336,7.8656379570655615
2026-03-31 11:14:15.251754+00:00,1176,1.5036272671268978,2.2151779669464657,582.144733298867,2869.4985979521052,7.931799062620124
2026-03-31 11:18:14.841299+00:00,1150,1.5038021308385918,2.2667426143174714,582.2315496497217,2906.664136253051,7.862921168349563
2026-03-31 11:22:15.313738+00:00,1151,1.5016921000937744,2.247687656855206,581.184667289003,2893.6242129257826,7.869192586887892
2026-03-31 11:26:14.934182+00:00,1162,1.502928796699823,2.273527866058383,581.7980621430502,2911.1110610106925,7.824015895799964
2026-03-31 11:30:14.777275+00:00,1168,1.502957424129501,2.249163682759792,581.8122674522069,2894.6633761357552,7.833861364275624
2026-03-31 11:34:15.120725+00:00,1156,1.5025844780866429,2.258395672053722,581.6272288876464,2901.052194292367,7.809903931009775
2026-03-31 11:38:15.064165+00:00,1107,1.5014613502096954,2.169190864237766,581.0702750582149,2831.326857958631,7.914819649569124
2026-03-31 11:42:15.314338+00:00,1096,1.5033273112915522,2.2886765681334325,581.9958358365615,2920.666955473411,7.756368831305004
2026-03-31 11:46:16.074229+00:00,1090,1.5007783249127513,2.2714391121856643,580.7317789387935,2909.7531224367776,7.757706432459547
2026-03-31 11:50:14.670208+00:00,1082,1.5016416231317355,2.2755794116712433,581.1596422074209,2912.4352930955647,7.7371061710229565
2026-03-31 11:54:16.129205+00:00,1062,1.5017924393601274,2.276020865766414,581.2344153338937,2912.7190099253303,7.72217221405465
2026-03-31 11:58:14.888191+00:00,1063,1.5022665486835498,2.2345270015810486,581.469524985635,2884.142925520371,7.749242280749153
2026-03-31 12:02:15.467610+00:00,1072,1.5037677998636585,2.217721050657928,582.2145041695704,2871.471216974547,7.748797074925497
2026-03-31 12:06:15.004040+00:00,1051,1.5047438085674116,2.0444644370455496,582.6992558678544,2703.9411884476694,8.00255098758778
2026-03-31 12:10:14.870725+00:00,1040,1.50481977182322,2.2413355195337874,582.7369981770418,2889.0964193957707,7.686944158849969
2026-03-31 12:14:15.020183+00:00,1031,1.5037176770007799,2.0536363883259163,582.1896186799481,2714.496158406655,7.94896037874431
2026-03-31 12:18:15.219930+00:00,1040,1.5032748704978869,2.252722389582714,581.9698075300546,2897.148730164484,7.632778236227098
2026-03-31 12:22:14.799383+00:00,1051,1.4999403760153172,2.2725280973432342,580.3167249642363,2910.4623121925733,7.588077548392223
2026-03-31 12:26:15.223642+00:00,1074,1.5040973006333869,2.2689259219949314,582.3781195818991,2908.1062916950787,7.565910475750054
2026-03-31 12:30:14.525834+00:00,1074,1.5058927418823376,2.2157449885222436,583.2703164985634,2869.9396805888045,7.6052558192060955
2026-03-31 12:34:14.880864+00:00,1090,1.503278234166246,2.277421457711806,581.9714770145902,2913.616261648378,7.509612662793334
2026-03-31 12:38:15.781766+00:00,1108,1.5030123345527318,2.3066925804205876,581.8395155232333,2931.362132449438,7.454903833385511
2026-03-31 12:56:56.790904+00:00,1094,1.5035542369323245,2.204765633174344,582.1084783933924,2861.270821884279,7.463162567226787
2026-03-31 13:00:56.684064+00:00,1188,1.5035864863369233,2.211953428792015,582.124487970086,2866.9765512818094,7.411536153302719
2026-03-31 13:04:56.553215+00:00,1223,1.5028702971129544,2.2937961181197224,581.7690347554793,2923.7801415450413,7.2885277708735625
2026-03-31 13:08:56.444099+00:00,1246,1.5022560204687623,2.2279763302194775,581.4643032268931,2879.2789782276595,7.330331538064989
2026-03-31 13:12:56.669459+00:00,1270,1.5031348502335107,2.357439912953459,581.9003149510689,2957.5785066070393,7.174188079724724
2026-03-31 13:16:57.430606+00:00,1292,1.5010506706572426,2.198819863365911,580.8667297250176,2856.463531373076,7.306575584057806
2026-03-31 13:20:56.343607+00:00,1292,1.5004339244309517,2.2339441121501578,580.5611607346943,2883.7140209257677,7.236414611000225
2026-03-31 13:24:56.803255+00:00,1304,1.5043219224861808,2.159243630333505,582.4896783361414,2822.4467434899198,7.30601988679718
2026-03-31 13:28:56.632762+00:00,1304,1.5021350248461947,2.227595491806062,581.4042948564111,2878.9932437994494,7.188175318776343
2026-03-31 13:32:56.690516+00:00,1304,1.5035396910786747,2.180648260673324,582.1012575108559,2841.2803593388126,7.2216039439112105
2026-03-31 13:36:56.680565+00:00,1316,1.504541848363027,2.110326674241475,582.5989217538864,2775.5513573711214,7.297548077747057
2026-03-31 13:40:56.273958+00:00,1316,1.5041364093504348,2.0912633491991652,582.3975417244874,2755.8238939599296,7.30152788752069
2026-03-31 13:44:56.659965+00:00,1327,1.5020036866206519,2.2279558444920475,581.339162744611,2879.2636165216572,7.072997529241092
2026-03-31 13:48:56.564214+00:00,1350,1.5030530965459172,2.153824549789801,581.8597434260212,2817.5157139509565,7.1397104365421855
2026-03-31 13:52:56.902064+00:00,1384,1.5012596714056785,2.1958930733672193,580.9703096095413,2854.0680602191323,7.046067953238973
2026-03-31 13:56:56.931013+00:00,1429,1.5025290237007722,2.1970676636321804,581.599719093334,2855.0317255400905,7.007347129617243
2026-03-31 14:00:56.635958+00:00,1457,1.50390522034121,2.173846715526568,582.2827364927434,2835.4070630328442,7.004710358461189
2026-03-31 14:04:56.726622+00:00,1484,1.502683874374509,2.3002699291290867,581.6765400263259,2927.6327608610145,6.822217551409561
2026-03-31 14:08:57.329129+00:00,1486,1.4992191983115637,2.1837911734168363,579.9597039457126,2843.9593217713855,6.927043352750046
2026-03-31 14:12:56.683091+00:00,1497,1.4999346810614698,2.1612355090834883,580.3139049598981,2824.2426914296566,6.927152156886085
2026-03-31 14:16:56.585106+00:00,1497,1.5016696086593533,2.1356574330719598,581.1735165492921,2800.504672852767,6.93561448941017
2026-03-31 14:20:56.624815+00:00,1486,1.504226675469681,2.244285289183901,582.442371640358,2891.2102551400785,6.761969835177408
2026-03-31 14:24:56.755819+00:00,1463,1.5028609233063186,2.1675935693321393,581.7643835998094,2829.91586079597,6.834807038694999
2026-03-31 14:28:56.154662+00:00,1440,1.5027867470873615,2.2653057845903204,581.7275794374995,2905.7092293117466,6.687077014158197
2026-03-31 14:32:56.402268+00:00,1429,1.5010332213577406,2.222029522611594,580.8580826077578,2874.780138332404,6.708531055742188
2026-03-31 14:36:56.866772+00:00,1429,1.5027832283666254,2.1602740699590406,581.7258335940718,2823.3769340849785,6.760695449378112
2026-03-31 14:40:56.547387+00:00,1440,1.499872399268858,2.21422899637729,580.2830652416112,2868.7587876722146,6.655048647015844
2026-03-31 14:44:56.659302+00:00,1452,1.5030078690662814,2.219498681317973,581.8372995863858,2872.8414840367604,6.615496233204404
2026-03-31 14:48:56.606504+00:00,1452,1.5040077935442546,2.135746362075133,582.3336706289776,2800.5897440435647,6.700825192353987
2026-03-31 14:52:56.387303+00:00,1463,1.5016066067190172,2.1990553220289883,581.1422825552434,2856.6554114980217,6.577672908442528
2026-03-31 14:56:56.725205+00:00,1463,1.5038839664999797,2.2046630500662694,582.2721830606887,2861.188552683003,6.5393557140727285
2026-03-31 15:00:57.091740+00:00,1463,1.501713771255485,2.187261547661715,581.1954115214216,2846.89169268165,6.531232599063272
2026-03-31 15:04:56.193875+00:00,1475,1.5027494262725831,2.21798618436206,581.7090626136458,2871.6760416731613,6.45794345855915
2026-03-31 15:08:56.632152+00:00,1477,1.5024043619323992,2.1717029524084053,581.537880801693,2833.534387010076,6.487648151294751
2026-03-31 15:12:56.716926+00:00,1498,1.502675014533032,2.2740430717222058,581.6721444632924,2911.4445029001063,6.327133701528668
2026-03-31 15:16:56.458872+00:00,1509,1.5043895871807738,2.330779985495857,582.5232875242789,2944.52531489391,6.240536023885414
2026-03-31 15:20:56.538659+00:00,1521,1.5036095536149705,2.152638305471061,582.1359394830639,2816.427525753722,6.412861677579841
2026-03-31 15:24:56.050394+00:00,1543,1.5017336646029371,2.061172055859187,581.2052744832885,2723.0270511453054,6.527493969223363
2026-03-31 15:28:56.528085+00:00,1543,1.4992237972586608,2.1977340825098466,579.961980099858,2855.5770988408776,6.282967520955283
2026-03-31 15:32:56.638049+00:00,1564,1.5036103248562978,2.2010024570301145,582.1363223610704,2858.237410522772,6.243321147803391
2026-03-31 15:36:56.476103+00:00,1566,1.5034480499719058,2.182005975131227,582.0557665276333,2842.4403663964604,6.236932569834852
2026-03-31 15:40:56.388123+00:00,1577,1.5027247605560816,2.0962419406185417,581.6968249154797,2761.0544970632363,6.334318534617796
2026-03-31 15:45:01.612247+00:00,1589,1.501849792015998,2.19258481945926,581.2628522484874,2851.3372641187216,6.147690804330564
2026-03-31 15:48:56.240170+00:00,1600,1.504433790194061,2.2207570757542903,582.5452441049016,2873.807223053781,6.085991656858591
2026-03-31 15:52:56.706632+00:00,1600,1.500365815610873,2.118931804954645,580.5274240319161,2784.189521459287,6.198784190681449
2026-03-31 15:56:56.674275+00:00,1623,1.5015639817115718,2.2775795303429436,581.121151455692,2913.717250599825,5.9549542876434804
2026-03-31 16:00:56.250732+00:00,1634,1.5007403856562174,2.1164761384680206,580.7129815837329,2781.741347357988,6.133894601573004
2026-03-31 16:04:57.609111+00:00,1646,1.5029403327900506,2.2123789231109803,581.8037864694858,2867.310682623627,5.962946130058289
2026-03-31 16:08:56.685479+00:00,1657,1.5019296791289074,2.156132608383099,581.3024642163352,2819.623950063441,6.006517820527278
2026-03-31 16:12:56.536601+00:00,1668,1.5050177276687762,2.0763307678579372,582.8353618427259,2739.802316027657,6.101846922249279
2026-03-31 16:16:56.073303+00:00,1680,1.5025004407766749,2.162789710018028,581.585540100338,2825.6378387735676,5.930741928984589
2026-03-31 16:20:56.675660+00:00,1691,1.5021872848716649,2.1548716494311857,581.4302128511349,2818.4736392135364,5.9094606867807915
2026-03-31 16:24:56.485783+00:00,1702,1.5031558819417923,2.320476911131061,581.9107526335666,2939.054055046423,5.682908649735844
2026-03-31 16:28:57.788768+00:00,1714,1.5015848030238153,2.225538120489963,581.1314734217992,2877.4440244747375,5.749224534698357
2026-03-31 16:33:06.496971+00:00,1714,1.5011562611160536,2.2738098412742187,580.9190580250698,2911.2936294826895,5.65689189333611
2026-03-31 16:36:57.640299+00:00,1725,1.5030950768285847,2.248825353506545,581.8805764983938,2894.4256142097065,5.659306785738519
2026-03-31 16:40:56.312149+00:00,1737,1.5018610834731685,2.1605976309066066,581.2684509757379,2823.668525705186,5.740768964134964
2026-03-31 16:44:56.442698+00:00,1748,1.503613926754496,2.1198413859910015,582.1381105039693,2785.0928978039437,5.770842509126525
2026-03-31 16:48:56.219905+00:00,1759,1.5028393624445238,2.264675254237421,581.7536855080009,2905.288722790715,5.545815207048677
2026-03-31 16:52:56.088508+00:00,1759,1.502572219919721,2.088788530305765,581.6211477685656,2753.2031353077127,5.760819469711717
2026-03-31 16:57:14.471118+00:00,1771,1.502508294452263,2.1565449232501472,581.589436007098,2819.9993116614196,5.614534422110849
2026-03-31 17:00:56.070233+00:00,1782,1.5023187819066024,2.117962077831116,581.49543206066,2783.224367477984,5.649763955885176
2026-03-31 17:04:59.322013+00:00,1793,1.5029063430203053,2.1949853687778145,581.7869205286142,2853.3212373786664,5.506072230175831
2026-03-31 17:08:55.886615+00:00,1805,1.5019356173080676,2.27145034142929,581.3054087462167,2909.7604489192345,5.384369834978324
2026-03-31 17:12:56.544465+00:00,1805,1.5000580492612199,2.1383474597965475,580.3749964295303,2803.070164569639,5.527435736031363
2026-03-31 17:16:56.707766+00:00,1816,1.5024956896690198,2.087950544910636,581.5831832686907,2752.3126236974113,5.578737373554358
2026-03-31 17:20:56.262330+00:00,1827,1.5018446773998662,2.212169219091478,581.260316244789,2867.1460573641416,5.364044319440197
2026-03-31 17:24:57.164007+00:00,1827,1.5007401849071527,2.053793615754849,580.7128821220748,2714.6754504134014,5.5814502964554
2026-03-31 17:28:57.370179+00:00,1839,1.503324439972191,2.168656374027033,581.9944106698945,2830.8553435469403,5.364918922830951
2026-03-31 17:32:56.563784+00:00,1848,1.501926485544368,2.1106076426773948,581.3008806374379,2775.8360248102563,5.424478676553293
2026-03-31 17:36:56.715733+00:00,1862,1.5002836976088867,2.177258800617928,580.4867502128334,2838.3664373819765,5.2943773883503615
2026-03-31 17:41:02.292146+00:00,1873,1.5022823108069359,2.1721471472719434,581.4773427173948,2833.923257558082,5.266193646089866
2026-03-31 17:41:04.978764+00:00,1873,1.5015623104958058,2.0853275366972492,581.1203229729709,2749.515030057736,5.401906301362989
2026-03-31 17:44:56.297892+00:00,1884,1.500326631977946,2.257880195808214,580.5080157199093,2900.700503140368,5.137024876608787
2026-03-31 17:48:57.188841+00:00,1896,1.502738426833688,2.228192961233765,581.7036053039446,2879.4413665529555,5.142901764435547
2026-03-31 17:52:55.915746+00:00,1907,1.501098487622183,2.089725993001886,580.8904262805897,2754.197494797356,5.316465497243063
2026-03-31 17:56:55.972349+00:00,1924,1.5032166020732303,2.0751484278046117,581.9408878701121,2738.512403473109,5.313067994887541
2026-03-31 18:01:10.936718+00:00,1930,1.5012718804778178,2.118016723418538,580.9763608398063,2783.2788113877277,5.208652300221616
2026-03-31 18:04:57.328107+00:00,1964,1.5035179442464162,2.062993550072621,582.0904620402516,2725.0700114687706,5.27730492623299
2026-03-31 18:08:56.151830+00:00,1987,1.502851532412698,2.0769584416651,581.7597239962666,2740.4858244137504,5.223774638439369
2026-03-31 18:12:56.098797+00:00,2004,1.5024669401652881,2.2035423635299285,581.5689219733022,2860.2882529031695,5.003888530051885
2026-03-31 18:16:56.245196+00:00,2017,1.501425239665292,2.1417924263250736,581.0523752355759,2806.3319666084253,5.064483112316957
2026-03-31 18:20:56.086972+00:00,2026,1.5034136998291676,2.184525141638762,582.0387157386854,2844.5817550084066,4.977943930490798
2026-03-31 18:24:56.429831+00:00,2035,1.5029279310550787,2.26782635737157,581.7976326030944,2907.381323727983,4.8523037142512395
2026-03-31 18:28:57.927428+00:00,2045,1.5018845763812418,2.131410907673574,581.280099780282,2796.4217379191496,5.006224903910762
2026-03-31 18:32:55.890143+00:00,2045,1.5030120663179984,2.10547986693206,581.8393824152047,2770.612895232952,5.02550656695254
2026-03-31 18:36:56.216539+00:00,2054,1.5010805053278373,2.1353563350483764,580.8815147392038,2800.2165051302572,4.954392051901506
2026-03-31 18:40:56.292327+00:00,2054,1.5007714446921219,2.199025973347109,580.7283700330918,2856.6315014286984,4.842261942477839
2026-03-31 18:44:56.372957+00:00,2054,1.5021885025319175,2.1505643989785863,581.4308167524807,2814.5174751084514,4.888952335200997
2026-03-31 18:48:56.062625+00:00,2063,1.5023846009488442,2.0248021740459428,581.5280788871319,2680.678889182692,5.081834944986391
2026-03-31 18:52:56.084608+00:00,2074,1.5028088884031279,2.0952261863814576,581.7385651391261,2759.9918361989876,4.932050123402963
2026-03-31 18:56:55.776137+00:00,2082,1.5023696586740547,2.047313554400953,581.5206672555022,2707.240101482651,4.995588503528198
2026-03-31 19:00:55.931151+00:00,2073,1.5037767241290847,2.0711842618176064,582.2189350674016,2734.1647089676235,4.934651819713604
2026-03-31 19:04:56.069602+00:00,2082,1.5007355936786126,2.042345911467322,580.7106073894745,2701.4764159522074,4.966607765943882
2026-03-31 19:08:56.230856+00:00,2091,1.5029625854067672,2.1648417856225186,581.8148285763805,2827.471618006908,4.743871060164553
2026-03-31 19:12:55.820803+00:00,2110,1.5025478281961147,2.183145897035556,581.6090475023985,2843.4111054718123,4.6966471049867105
2026-03-31 19:16:56.046540+00:00,2117,1.5039010402807211,2.1240523173078705,582.2806609033776,2789.2509461180734,4.764841325577883
2026-03-31 19:20:56.056731+00:00,2110,1.502420085782997,2.0696162796786908,581.5456802993428,2732.4353076565094,4.8403979853288295
2026-03-31 19:24:56.467646+00:00,2110,1.502646420743317,2.140018607414673,581.6579586377552,2804.655780610483,4.707633268295745
2026-03-31 19:28:56.052291+00:00,2129,1.5043771375166708,2.1336501957850085,582.5171036323862,2798.579797062851,4.697645089687585
2026-03-31 19:32:56.265256+00:00,2138,1.5032159584952625,2.0753385002637534,581.9405684574272,2738.719980550035,4.776486340468302
2026-03-31 19:36:56.311598+00:00,2157,1.5029875617783848,2.081743902001467,581.8272224582406,2745.6679510508884,4.746507720576505
2026-03-31 19:40:56.063509+00:00,2157,1.5017860946603057,2.124642427931934,581.2312695391091,2789.830471578194,4.6607539439079515
2026-03-31 19:44:56.124734+00:00,2156,1.5024180287322846,2.1155075247281343,581.5446599361396,2780.7719727683734,4.661244230768634
2026-03-31 19:48:56.114558+00:00,2156,1.5002655034772931,2.095165732206979,580.4777388027663,2759.928517409836,4.680984950730687
2026-03-31 19:52:58.281018+00:00,2165,1.5012331150976492,2.130976803105165,580.9571475801331,2796.0020799996546,4.60801424447731
2026-03-31 19:56:55.973955+00:00,2184,1.5030192418223753,2.1364087339337186,581.842943175322,2801.222824116554,4.5832653856042045
2026-03-31 20:00:56.017145+00:00,2193,1.500105190066847,2.1695686443015236,580.3983417643087,2831.6597403149926,4.520359104470062
2026-03-31 20:04:55.995418+00:00,2194,1.502349084458901,2.200404876113524,581.5104622084223,2857.752794376086,4.466449621241032
2026-03-31 20:08:55.923147+00:00,2202,1.5022565168651991,2.1100028876248755,581.4645494275484,2775.2230886544585,4.586377527673334
2026-03-31 20:12:56.132088+00:00,2221,1.502699616583951,2.1567144591316576,581.6843501510344,2820.1535425535603,4.499815979576604
2026-03-31 20:16:55.831194+00:00,2212,1.5001948046034803,2.1736786935629926,580.4427232903809,2835.2606600299487,4.466993045980615
2026-03-31 20:20:56.166670+00:00,2231,1.4997910744726337,2.0284621108516387,580.2427981198995,2685.0745563493338,4.695179269651914
2026-03-31 20:24:56.221273+00:00,2221,1.503557410873336,2.1318508826467797,582.1100540174349,2796.8466400053903,4.508168284389991
2026-03-31 20:28:56.089754+00:00,2240,1.5023567122866632,2.112476892004809,581.5142456815652,2777.7253799467007,4.526675372402725
2026-03-31 20:32:56.414668+00:00,2240,1.5027140393371348,2.147745888976176,581.6915057339236,2811.9062012586974,4.4635880626766715
2026-03-31 20:36:55.749383+00:00,2243,1.5041598836927679,2.252212850968645,582.4091997895756,2896.794615830315,4.318938457819437
2026-03-31 20:40:57.904492+00:00,2240,1.5024266978709933,2.1163184868376304,581.548960117198,2781.5837151342294,4.497673893441945
2026-03-31 20:44:55.804674+00:00,2249,1.4998593657659267,2.178791646220407,580.2766116857421,2839.687414719776,4.3960279642260405
2026-03-31 20:48:56.005626+00:00,2258,1.501840177011473,2.192112176600638,581.2580848039322,2850.945119199042,4.370238930577936
2026-03-31 20:52:56.230475+00:00,2277,1.5031951577796496,2.1666018371086913,581.9302449797435,2829.036920790725,4.396430938483552
2026-03-31 20:56:55.816791+00:00,2296,1.5017011285119457,2.1674767798922083,581.1891434217335,2829.8124686019546,4.386692499564896
2026-03-31 21:00:55.735446+00:00,2310,1.5018467759835268,2.0656714451982525,581.2613567941086,2728.0599985057925,4.543283551587229
2026-03-31 21:04:55.639789+00:00,2333,1.5014870423252173,2.126595186029056,581.0830107899155,2791.7426384295622,4.432735087116807
2026-03-31 21:08:56.107966+00:00,2351,1.5039691396426234,2.1363633167728815,582.3144760743439,2801.1794468132503,4.410889879115907
2026-03-31 21:12:55.562295+00:00,2360,1.5036985184025335,2.124998024985221,582.1801068611882,2790.1793132961375,4.424143610971036
2026-03-31 21:16:55.993937+00:00,2370,1.5000337489388567,2.0928134087750183,580.3629625863603,2757.4583704008746,4.472678687427552
2026-03-31 21:20:55.513470+00:00,2390,1.5044897019026642,2.1746251079746544,582.5730176137575,2836.0844763169334,4.340853144870852
2026-03-31 21:24:55.857134+00:00,2416,1.5012747945247584,2.1339068299833195,580.9778051479127,2798.8264043342015,4.3947658901005635
2026-03-31 21:28:56.147201+00:00,2426,1.5046360864506547,2.0549950981328102,582.645737610359,2716.043714314833,4.525434060073171
2026-03-31 21:32:55.887972+00:00,2443,1.5006255149740877,2.100005398725763,580.656070869659,2764.9715963944445,4.443566667488077
2026-03-31 21:36:55.850406+00:00,2472,1.5035235835787109,2.050449907785048,582.0932614780552,2710.850564288351,4.525671769369264
2026-03-31 21:40:55.493978+00:00,2471,1.5015214256193001,2.0496368638701585,581.1000551460282,2709.9167323083593,4.528457847609347
2026-03-31 21:44:56.006410+00:00,2481,1.502013865577138,2.1794528661818067,581.3442103913249,2840.2556161403627,4.318658794089264
2026-03-31 21:48:56.153189+00:00,2481,1.5032604600734116,2.1660874828477743,581.962655269705,2828.580197411652,4.339622121895773
2026-03-31 21:52:55.948092+00:00,2490,1.5013125951334483,2.2365069233718553,580.9965407758583,2885.5941163058187,4.24899805552935
2026-03-31 21:56:55.512937+00:00,2490,1.5025784209079724,2.065076930010742,581.6242239926589,2727.397584023838,4.506632331880641
2026-03-31 22:00:55.579785+00:00,2499,1.5025689570584768,2.1716489799085927,581.6195291137838,2833.487106641742,4.33819441225801
2026-03-31 22:04:55.782621+00:00,2526,1.5036295649911247,2.1709059289125143,582.1458740740978,2832.8355241234494,4.338531081300397
2026-03-31 22:08:55.482879+00:00,2548,1.5038401713760396,2.1753255149338817,582.2504374203381,2836.6928605334206,4.3331018503432555
2026-03-31 22:12:55.564754+00:00,2560,1.5044552284011217,2.18342504852812,582.5558931638087,2843.6483825411815,4.325114742072209
2026-03-31 22:16:55.585113+00:00,2560,1.5025653749832126,2.1764014705008092,581.6177521061207,2837.6253106186214,4.34079308140552
2026-03-31 22:20:57.219886+00:00,2572,1.5026916076074932,2.14663671973984,581.6803766761777,2810.873704759799,4.388077141770673
2026-03-31 22:24:56.140758+00:00,2597,1.5015193307861336,2.0987625202607174,581.0990166916052,2763.681488021284,4.466313742269522
2026-03-31 22:28:55.722823+00:00,2621,1.501281977971214,2.2054918941583894,580.981365538883,2861.8525914054762,4.311554702851215
2026-03-31 22:32:57.680944+00:00,2649,1.5006175156523605,1.9952492195752254,580.6521079120195,2644.08540378612,4.6645431651205485
2026-03-31 22:36:55.427185+00:00,2669,1.501932153321726,2.086395809799894,581.3036910782577,2750.6562674552497,4.498091129225857
2026-03-31 22:40:55.981849+00:00,2718,1.5023922405440695,2.152715149745293,581.5318682908002,2816.4981135199714,4.39218978049058
2026-03-31 22:44:55.487245+00:00,2734,1.5022297722979163,2.085552685382453,581.4512848887392,2749.755769343582,4.50619469161174
2026-03-31 22:48:56.048675+00:00,2754,1.502894542266179,2.163959717577293,581.7810650124352,2826.6845391675097,4.3889702053794455
2026-03-31 22:52:55.580870+00:00,2777,1.5005802538252515,2.0926211429075487,580.6336482573413,2757.255926145981,4.507013092345087
2026-03-31 22:56:55.411319+00:00,2765,1.5042880362455333,2.2338704058392684,582.4728475689172,2883.659731760159,4.317296891956395
2026-03-31 23:00:55.990457+00:00,2779,1.502578753212376,2.1176184811670997,581.6243888446304,2782.8818855990166,4.488461591101575
2026-03-31 23:04:55.928364+00:00,2806,1.5035234659044237,2.103070020313978,582.093203062898,2768.137884660171,4.519359063522332
2026-03-31 23:08:55.695366+00:00,2815,1.5026274056072428,2.129111510577312,581.6485250882788,2794.1940574487708,4.488549070042886
2026-03-31 23:12:55.493094+00:00,2819,1.5011628652486189,2.1762632194175686,580.9223310151624,2837.505644008942,4.4314358495414075
2026-03-31 23:16:55.681428+00:00,2827,1.5018253060840534,2.1145206798989307,581.250711357839,2779.7821906946765,4.536509917219993
2026-03-31 23:20:55.714396+00:00,2850,1.4982601545751646,2.0815691249768182,579.4852040007519,2745.479589641993,4.601594349273495
2026-03-31 23:24:55.769308+00:00,2827,1.502476547910895,2.131809789739055,581.5736878985144,2796.806973244178,4.538148296632014
2026-03-31 23:28:55.834330+00:00,2864,1.502138677571763,2.0871213711206704,581.4061063694893,2751.4299272158487,4.619370857944649
2026-03-31 23:32:55.485922+00:00,2949,1.5036794659581316,2.1414476885683587,582.1706478714055,2806.0067555651976,4.531326771194441
2026-03-31 23:36:55.346694+00:00,2962,1.5001187840659673,2.1441558968661525,580.4050740032181,2808.554393496679,4.540963395734659
2026-03-31 23:40:55.454527+00:00,2973,1.5021338053601905,2.116402957589311,581.4036900721051,2781.6681824136267,4.5987681788432235
2026-03-31 23:44:55.430689+00:00,2965,1.5018638727195028,2.1974801366502934,581.2698339952883,2855.3693960172877,4.498886642295485
2026-03-31 23:48:55.353243+00:00,2961,1.5007168731315756,2.2219571672047143,580.7013323353542,2874.724912538987,4.486086988469694
2026-03-31 23:52:56.078632+00:00,2970,1.500473324215136,2.0515328572130467,580.5806775686281,2712.092099217094,4.763894981865699
2026-03-31 23:56:55.888938+00:00,2961,1.50082700661988,2.272692935382864,580.7558994672961,2910.5694296137244,4.464940494188985
2026-04-01 00:00:55.631752+00:00,2961,1.5034208576312766,2.168940867073101,582.042268708398,2831.1063961569307,4.611608538204503
2026-04-01 00:04:55.286228+00:00,2986,1.5034252038657354,2.181709561509279,582.0444260887023,2842.187468335688,4.608426954559688
2026-04-01 00:08:55.315676+00:00,2973,1.5005176503579438,2.0839663379637456,580.6026353328367,2748.0571547121635,4.781988782389076
2026-04-01 00:12:55.688160+00:00,3010,1.5020483207814928,2.042686139731046,581.3612966616361,2701.872928208164,4.8694721009755915
2026-04-01 00:16:55.699962+00:00,3022,1.5028193544743533,2.278325475213251,581.7437580753908,2914.1930620022813,4.546452267820744
2026-04-01 00:20:55.725104+00:00,3022,1.502645046260743,2.1845191773089594,581.6572767426069,2844.57670189254,4.679403455855144
2026-04-01 00:24:55.571979+00:00,3059,1.5004351221130092,2.2439511510381207,580.5617540032008,2890.971787464159,4.619268368634756
2026-04-01 00:28:55.701872+00:00,3092,1.5015384001025383,2.2112653136518032,581.1084698229081,2866.4353310250463,4.67432872520903
2026-04-01 00:32:55.500295+00:00,3107,1.5005407140573652,2.1047774260441394,580.6140606253778,2769.8928036007965,4.848941227403218
2026-04-01 00:36:55.111648+00:00,3107,1.503486549506628,2.167623743868249,582.0748774847219,2829.942568957481,4.774990866541167
2026-04-01 00:40:56.053496+00:00,3107,1.5053845536141894,2.179800907397718,583.0176724539888,2840.5543023526143,4.780905044945577
2026-04-01 00:44:55.875063+00:00,3095,1.5022137419395438,2.177168866700521,581.4433344088831,2838.288770519116,4.810153061572304
2026-04-01 00:48:55.261408+00:00,3095,1.4997022376249904,2.1709107936954806,580.1988140879738,2832.8397940823197,4.8426235971501415
2026-04-01 00:52:55.499444+00:00,3096,1.5032628693949288,2.2229423156987984,581.9638510722809,2875.475826826385,4.797950250158653
2026-04-01 00:56:55.666418+00:00,3107,1.5041524013004755,2.1277528567347828,582.4054837875965,2792.8722106762143,4.9531049651015415
2026-04-01 01:00:55.228341+00:00,3083,1.5040622746567207,2.1206247161637704,582.360725456307,2785.8693987312654,4.9936383075480295
2026-04-01 01:04:55.352322+00:00,3071,1.5024891708915027,2.153728954828194,581.5799495804715,2817.4281377764064,4.970246486960465
2026-04-01 01:08:55.587986+00:00,3059,1.5029311786979627,2.200567749792296,581.7992441112189,2857.884958266691,4.9328743541276285
2026-04-01 01:12:55.917219+00:00,3047,1.5024130849293926,2.1463252675548197,581.542207657144,2810.5832863768037,5.036919874326031
2026-04-01 01:16:55.170517+00:00,3047,1.5031678492971554,2.171719899199948,581.9166918986971,2833.5492311968737,5.026039579926052
2026-04-01 01:20:55.556443+00:00,3035,1.503436860872974,2.2400750464728496,582.0502124166809,2888.1872053855323,4.966798384841698
2026-04-01 01:24:55.582377+00:00,3035,1.5014069108059112,2.2261666648030896,581.0432898805858,2877.918330272816,5.009950695470034
2026-04-01 01:28:55.509477+00:00,3035,1.5016114920845987,2.1593329969529447,581.1447044868767,2822.527510068843,5.125937145859259
2026-04-01 01:32:55.955481+00:00,3047,1.501909452124969,2.0250602470601273,581.2924344625488,2680.98982436167,5.378450760579895
2026-04-01 01:36:55.193532+00:00,3047,1.5020473049689262,2.1177405210804183,581.3607929162508,2783.0035598531595,5.241908378363765
2026-04-01 01:40:55.868945+00:00,3035,1.5025580038281825,2.188048149821336,581.6140954132716,2847.5525981877236,5.168123030458947
2026-04-01 01:44:55.737862+00:00,3035,1.5036746330663247,2.225064857502909,582.16824849982,2877.086311285143,5.148629779402226
2026-04-01 01:48:55.400211+00:00,3035,1.5007687242301175,2.1389416404079893,580.7270221450001,2803.6346511786014,5.294962411256009
2026-04-01 01:51:20.285447+00:00,2988,1.503442122890485,2.22463340341562,582.052824402589,2876.7597617780057,5.207571792828294
2026-04-01 01:55:19.963288+00:00,3012,1.5021079546713803,2.1712058132940673,581.3908699630878,2833.098642081264,5.3018958437369585
2026-04-01 01:59:20.104840+00:00,3084,1.498909523300457,2.225026344155801,579.8064534251776,2877.0571791031725,5.24652797469098
2026-04-01 02:03:19.992255+00:00,3160,1.5018749622834093,2.1229432635914733,581.2753326698269,2788.1596748013208,5.404226764750496
2026-04-01 02:07:20.059813+00:00,3217,1.5020305403904712,2.1872127309107907,581.3524793483493,2846.8506310077028,5.328411099619546
2026-04-01 02:11:20.562107+00:00,3318,1.5030204899735118,2.1898242346498105,581.8435625575419,2849.039770459359,5.335350401074971
2026-04-01 02:15:20.176887+00:00,3362,1.5030747846850385,2.22953700953344,581.8705062734625,2880.4465256282883,5.306229610706133
2026-04-01 02:19:19.604614+00:00,3435,1.5023643906992976,2.1615716366430657,581.518054265574,2824.5448791387835,5.412200978145648
2026-04-01 02:23:19.571184+00:00,3484,1.5013994514260878,2.2173857403465447,581.0395924052589,2871.2119529121082,5.357946523989856
2026-04-01 02:27:20.298367+00:00,3544,1.5035248974250772,2.1358610928149977,582.0939136900379,2800.699471491461,5.490181999792401
2026-04-01 02:31:20.165887+00:00,3605,1.5015738489825774,2.1828369723237175,581.1260430421256,2843.1483178028075,5.4407573365441015
2026-04-01 02:35:19.678814+00:00,3629,1.5009651317586672,2.0654974823069394,580.8243413553184,2727.866249365109,5.652039902979826
2026-04-01 02:39:19.978771+00:00,3629,1.501626373890659,2.1699943815965743,581.1520822284788,2832.034497095561,5.51513605115678
2026-04-01 02:43:19.616297+00:00,3629,1.5017547675915572,2.146011551851301,581.2157373248642,2810.2905376027184,5.580796505409465
2026-04-01 02:47:20.107542+00:00,3617,1.5022691158023842,2.241282511559667,581.4707982248892,2889.058254992433,5.487223801419987
2026-04-01 02:51:19.921708+00:00,3605,1.5018734934136453,2.1707850061573435,581.2746043396695,2832.729369727688,5.610963457755876
2026-04-01 02:55:20.000426+00:00,3605,1.5019788060578996,2.2363054159252442,581.3268248632305,2885.4468222100422,5.557210657999187
2026-04-01 02:59:20.006445+00:00,3617,1.5033110392764066,2.234641591034139,581.9877593315127,2884.2271537540464,5.588002899678795
2026-04-01 03:03:19.724527+00:00,3617,1.5033819549119807,2.196715761910685,582.0229584994108,2854.743340302214,5.666571720724857
2026-04-01 03:07:19.972912+00:00,3629,1.5030706628987371,2.2323729501888088,581.8684608038916,2882.554128890856,5.650826796677926
2026-04-01 03:11:20.011231+00:00,3641,1.5020650131934588,2.3498067682220602,581.3695745444084,2954.0038986822756,5.564973479141818
2026-04-01 03:15:19.688861+00:00,3617,1.5016407640104832,2.1970614635938857,581.1592162864795,2855.026646978822,5.759957899344206
2026-04-01 03:19:20.080367+00:00,3583,1.5021684881966781,2.1503239888873336,581.420890662797,2814.295436038409,5.863212079879555
2026-04-01 03:23:19.721208+00:00,3541,1.5022757433963572,2.1880459674084065,581.4740853885819,2847.550766435843,5.849042153736393
2026-04-01 03:27:20.033771+00:00,3484,1.5034666887111903,2.241980247604901,582.0650186311782,2889.5601033207668,5.823638137721469
2026-04-01 03:31:19.898415+00:00,3447,1.502125878936385,2.255865911897444,581.3997591032905,2899.320519527516,5.846326239824267
2026-04-01 03:35:20.526606+00:00,3399,1.501021672143905,2.2190896575386434,580.8523593752367,2872.526819742504,5.929855049755403
2026-04-01 03:39:19.898458+00:00,3375,1.501467819996032,2.2239595961839704,581.0734821476238,2876.24895093921,5.959789789522511
2026-04-01 03:43:19.634493+00:00,3350,1.5045947899706411,2.221723228453783,582.6252218527565,2874.546276795385,5.998613341237354
2026-04-01 03:47:20.139506+00:00,3318,1.5013637992148017,2.0827212261532657,581.0219205348816,2746.719975283864,6.241506884541973
2026-04-01 03:51:19.735078+00:00,3290,1.5009716658837877,2.263759822743397,580.8275792190307,2904.6766274500997,6.024121153796456
2026-04-01 03:55:20.556268+00:00,3217,1.5021434521302333,2.2420033740438705,581.4084742452936,2889.5767183894377,6.093399779061379
2026-04-01 03:59:19.898694+00:00,3181,1.5046119691013629,2.2606041120752485,582.6337562343401,2902.5521946737827,6.110512941546838
2026-04-01 04:03:19.925629+00:00,3132,1.5026196557803866,2.2935816821561636,581.6446803777665,2923.6509220232774,6.116943682589998
2026-04-01 07:42:50.564045+00:00,2814,1.5030984161698384,2.3107738496902805,581.88223370106,2933.683928220801,7.506205722209571
2026-04-01 07:46:50.720975+00:00,2910,1.5008582904872074,2.334605786372513,580.7714002468936,2946.4963743200733,7.481549819840512
2026-04-01 07:50:51.316606+00:00,2873,1.5009544257013567,2.270885798217293,580.8190362003304,2909.3917646093523,7.561697629881468
2026-04-01 07:54:50.756511+00:00,2849,1.5027529471844034,2.2383892461424884,581.7108095030642,2886.9656262412145,7.615300832202158
2026-04-01 07:58:50.875426+00:00,2812,1.5022093548567523,2.304803608015154,581.4411585894435,2930.2748783347797,7.565160359656445
2026-04-01 08:02:50.378257+00:00,2804,1.5032286997776536,2.1777064976096088,581.9468920803231,2838.752798488923,7.725839080648611
2026-04-01 08:06:50.307080+00:00,2800,1.501440674462216,2.3422276079673656,581.0600261348769,2950.3253935365237,7.558718087723412
2026-04-01 08:10:50.845645+00:00,2800,1.50402976205586,2.2499256364340297,582.3445798693813,2895.1979021262923,7.658354741184471
2026-04-01 08:14:58.882750+00:00,2825,1.504397448860875,2.293133611318235,582.5271925391968,2923.380581088659,7.6188223583226025
2026-04-01 08:18:50.439165+00:00,2816,1.5009144892336752,2.2289191480121224,580.7992468969043,2879.9849548225648,7.700257092095338
2026-04-01 08:22:50.248057+00:00,2837,1.503067153412351,2.2710957429232574,581.8667191977034,2909.528955891773,7.658249129736466
2026-04-01 08:26:59.485768+00:00,2861,1.502440049704666,2.318779066496262,581.555583121456,2938.1296166699685,7.616668748346088
2026-04-01 08:30:50.279545+00:00,2837,1.5045082915613437,2.2094761991592,582.5822520562674,2865.023180792912,7.74712402526489
2026-04-01 08:34:50.327837+00:00,2836,1.5030501205342492,2.189784134683695,581.8582665780455,2849.0062714776677,7.780930306942001
2026-04-01 08:38:54.043599+00:00,2800,1.5039249039720648,2.2582231626203146,582.2925103883048,2900.9345635154705,7.711550660959705
2026-04-01 08:42:50.110885+00:00,2746,1.5026912680989395,2.210000862922826,581.6802082370787,2865.4380418221053,7.78558829941417
2026-04-01 08:46:51.338883+00:00,2739,1.5031615241226877,2.352651230321826,581.9135527789114,2955.351223833429,7.6486058087412605
2026-04-01 08:50:51.894048+00:00,2749,1.5053455071587565,2.2533095971390376,582.9982643479365,2897.5561005693125,7.745371942923604
2026-04-01 08:54:51.288371+00:00,2824,1.5052792790743388,2.2613599664306276,582.965346776185,2903.063070167338,7.727582960684648
2026-04-01 08:58:56.892314+00:00,2885,1.5007533681374714,2.2637831394070145,580.7194138181146,2904.6922412408985,7.7181229143508
2026-04-01 09:02:50.079029+00:00,2946,1.5032479367321405,2.2121561085569885,581.9564396750931,2867.135761846226,7.771123109354625
2026-04-01 09:06:51.912775+00:00,2995,1.5030812579913546,2.2102563678057296,581.8737187155925,2865.639850769401,7.767859617045927
2026-04-01 09:11:00.979228+00:00,3031,1.5015046274053638,2.393052701482674,581.0917279481627,2972.530467308783,7.592900440899191
2026-04-01 09:14:50.745617+00:00,3055,1.501872369674172,2.374552377598698,581.2740471407749,2965.117845052635,7.60209758233775
2026-04-01 09:18:50.061476+00:00,3067,1.503016902210405,2.238793290199003,581.8417821682917,2887.2589883623523,7.726938767501215
2026-04-01 09:22:50.446732+00:00,3079,1.5039430890422185,2.265456731342755,582.3015402935836,2905.8097649323245,7.696223733785962
2026-04-01 09:26:50.553054+00:00,3138,1.5034244404512855,2.301286651824996,582.0440471451893,2928.22928834108,7.649892067916648
2026-04-01 09:30:51.114892+00:00,3153,1.5022949520726572,2.236729464854303,581.4836126214938,2885.756679732179,7.71563026143932
2026-04-01 09:34:50.266469+00:00,3186,1.501524672943914,2.201605665959835,581.1016649185549,2858.7257792449836,7.752604009808134
2026-04-01 09:38:50.687324+00:00,3217,1.5002866695167714,2.2652194732154176,580.4882221862395,2905.6517200857043,7.670497294395283
2026-04-01 09:42:50.584131+00:00,3261,1.504647088161241,2.290244593604566,582.6512032709351,2921.6267073769486,7.635158521886773
2026-04-01 09:46:53.913257+00:00,3298,1.5021313453923126,2.33786382303244,581.4024700924956,2948.149062448044,7.583631860889149
2026-04-01 09:50:50.618179+00:00,3298,1.5017683971083327,2.3525814014012485,581.2224949079607,2955.3183653209517,7.56964012779499
2026-04-01 09:54:50.115833+00:00,3298,1.5032050498218965,2.27804382405156,581.9351544208982,2914.013553370164,7.633039501301011
2026-04-01 09:58:52.080849+00:00,3298,1.5026969140377069,2.3002591758574598,581.6830093405758,2927.626439365432,7.607596185942732
2026-04-01 10:02:50.851933+00:00,3297,1.5027799987425434,2.2659324571717367,581.7242311921914,2906.126280337012,7.638252139230952
2026-04-01 10:06:51.149781+00:00,3247,1.5035885005632346,2.3499709479713387,582.1254879046897,2954.082158086864,7.565917780624759
2026-04-01 10:10:49.984802+00:00,3176,1.5022162533028844,2.1987756544369916,581.4445799487013,2856.427490751921,7.731109980590645
2026-04-01 10:14:50.506837+00:00,3086,1.5015302118354321,2.3301920826317835,581.1044106812138,2944.2195190446764,7.601175615132337
2026-04-01 10:18:50.448829+00:00,2995,1.5026280278815305,2.1845178459382146,581.6488338011721,2844.5755739140795,7.772253307310865
2026-04-01 10:22:50.501504+00:00,2933,1.502877322050508,2.2791127083308336,581.7725204540908,2914.6938574051155,7.664389065938359
2026-04-01 10:26:49.854691+00:00,2860,1.501491950933447,2.3136788407481053,581.0854440416001,2935.3138118160387,7.637645555756001
2026-04-01 10:30:50.271929+00:00,2836,1.5014712755227293,2.2551616672909494,581.0751950668435,2898.8358973338572,7.692947760948722
2026-04-01 10:34:50.034258+00:00,2727,1.5015398455016968,2.2379585279742074,581.1091863481007,2886.6524941527387,7.72466182776765
2026-04-01 10:38:50.362600+00:00,2654,1.503774871133511,2.302676934248861,582.2180150528224,2929.041239967484,7.661329486607942
2026-04-01 10:42:50.206135+00:00,2582,1.5044562707515086,2.25269905661689,582.556410937409,2897.132527150754,7.716740969648638
2026-04-01 10:46:50.391895+00:00,2519,1.5043221537921942,2.200541340221794,582.489793223597,2857.8635322514538,7.781770565476115
2026-04-01 10:50:49.983513+00:00,2470,1.5016971408072388,2.195457433378494,581.1871663836141,2853.7098635625052,7.787187146276475
2026-04-01 10:54:50.232432+00:00,2432,1.5019592690740344,2.207279717725376,581.31713692876,2863.2796870378797,7.767952772237809
2026-04-01 10:58:50.199055+00:00,2414,1.501257785297415,2.276875526225538,580.9693747948985,2913.267048024338,7.679457375000345
2026-04-01 11:02:49.925141+00:00,2423,1.5049930658280577,2.1822301373361914,582.8231067076259,2842.63148930256,7.77930956733048
2026-04-01 11:06:49.980968+00:00,2423,1.5022065730953236,2.2833056935739107,581.4397789493111,2917.3378131094623,7.646668847608106
2026-04-01 11:10:50.482576+00:00,2414,1.502741058046825,2.1945690525002215,581.7049107617285,2852.9780915068204,7.738813828484738
2026-04-01 11:14:50.175533+00:00,2414,1.502213377857638,2.26243587841685,581.443153838414,2903.7880617699357,7.643596158544811
2026-04-01 11:18:49.627825+00:00,2395,1.5029837760210445,2.2079201552049916,581.8253438596875,2863.789161497233,7.697466406920529
2026-04-01 11:22:50.256880+00:00,2362,1.5015226590398938,2.2026595211881013,581.100666580187,2859.577042697654,7.695945369632851
2026-04-01 11:26:49.958011+00:00,2276,1.502034675487581,2.2459518598766444,581.354529937305,2892.3959173575413,7.644379333230794
2026-04-01 11:30:49.910795+00:00,2259,1.5016826299497048,2.208828541311086,581.1799721864908,2864.5102154609694,7.676945086489499
2026-04-01 11:34:49.802916+00:00,2266,1.4999369357988983,2.267775816275081,580.3150214503722,2907.347935707281,7.590807598688892
2026-04-01 11:38:50.267468+00:00,2266,1.5030783476558784,2.202600259672101,581.8722744311042,2859.529239577024,7.651276557334764
2026-04-01 11:42:51.902935+00:00,2285,1.5036563917724832,2.1254914120447124,582.1591923711163,2790.662858090357,7.741544246269238
2026-04-01 11:46:50.471732+00:00,2229,1.503932452140978,2.1189430440183497,582.2962584628006,2784.2006951680523,7.745137635118622
2026-04-01 11:50:50.345762+00:00,2220,1.5046369771933086,2.14985441656487,582.6461801306205,2813.8613727211896,7.681349241273132
2026-04-01 11:54:50.327620+00:00,2229,1.5039033272299258,2.2851940350998485,582.2817964764944,2918.51567162,7.493147213580169
2026-04-01 11:58:50.151993+00:00,2220,1.5026743964812006,2.2407403090067994,581.6718378351409,2888.6675212599475,7.524145172860233
2026-04-01 12:02:50.370053+00:00,2211,1.5034100571479463,2.16876308957953,582.0369076016132,2830.949536587792,7.599514727484712
2026-04-01 12:06:49.619893+00:00,2201,1.502118439644803,2.2065737375277616,581.3960697387727,2862.7170076971033,7.530764593162099
2026-04-01 12:10:50.023732+00:00,2211,1.5037042071299898,2.2904466297477906,582.1829311748388,2921.7499683254755,7.413985243520725
2026-04-01 12:14:50.119108+00:00,2220,1.502405403420741,2.153336259623395,581.5383974082512,2817.0681681666792,7.5601968781763595
2026-04-01 12:18:49.989071+00:00,2238,1.4999571612906972,2.2583195600917523,580.3250366943778,2901.000303268507,7.4010443650989295
2026-04-01 12:22:50.301455+00:00,2248,1.5027063767161493,2.273329193902683,581.6877040569473,2910.9823211855883,7.361888474564377
2026-04-01 12:26:49.537543+00:00,2257,1.5028146080998417,2.1395643705448597,581.7414030685403,2804.2254115118412,7.5102142284235125
2026-04-01 12:30:50.146227+00:00,2248,1.501327885377354,2.2102024495374804,581.0041194267053,2865.5972759374417,7.391214688805746
2026-04-01 12:34:53.294320+00:00,2248,1.5033037887773286,2.126290019949274,581.9841606246546,2791.4443790469513,7.488031549705868
2026-04-01 12:38:57.489949+00:00,2266,1.5041558791945024,2.272667024048084,582.4072110216873,2910.552595571392,7.270351011375761
2026-04-01 12:42:49.728752+00:00,2276,1.501340801580183,2.190246334436002,581.0105214405124,2849.3921684580655,7.343640943343449
2026-04-01 12:46:50.354448+00:00,2303,1.5036318387276337,2.142024776788954,582.1470028729157,2806.55100599436,7.3839095366960406
2026-04-01 12:50:50.235380+00:00,2340,1.5037620449609943,2.2238230115010595,582.2116468749836,2876.145282568502,7.241160592718028
2026-04-01 12:54:49.893771+00:00,2350,1.5015771508435307,2.210712801089898,581.1276799093284,2865.999997691888,7.231348673003562
2026-04-01 12:58:51.395236+00:00,2359,1.5021822627230825,2.2371254391053315,581.4277221106425,2886.0456589551404,7.172838564169452
2026-04-01 13:02:49.972731+00:00,2378,1.501398432509127,2.1311942195515403,581.039087348633,2796.2123137863427,7.288773149181995
2026-04-01 13:06:50.418742+00:00,2387,1.5020120482685908,2.326727322190365,581.3433092028546,2942.401602554598,7.026780122302177
2026-04-01 13:10:50.154784+00:00,2397,1.5026426708692942,2.2357254988866164,581.6560982876599,2885.0224177176415,7.09157661131514
2026-04-01 14:03:31.581086+00:00,2524,1.5040460485840128,2.1445375899205774,582.3526676280346,2808.912134478858,6.824603892170946
2026-04-01 14:07:32.191208+00:00,2574,1.5018752957871344,2.2846747475554254,581.2754980357287,2918.192561035132,6.610208628617444
2026-04-01 14:11:31.374619+00:00,2610,1.500771754625456,2.201494844458271,580.7285235937334,2858.636117315151,6.669712950251893
2026-04-01 14:15:31.306959+00:00,2632,1.4988593423780365,2.14596169605292,579.7816232322017,2810.243993566829,6.713717560496291
2026-04-01 14:19:31.385076+00:00,2622,1.501824623533667,2.172049568255217,581.2503729309819,2833.8378698685538,6.6478303656844435
2026-04-01 14:23:31.813489+00:00,2622,1.501047074217868,2.2190408923645943,580.8649474768006,2872.4892794078096,6.555683666866394
2026-04-01 14:27:31.726506+00:00,2574,1.5028411154140362,2.2215982687182607,581.754555292315,2874.45080723323,6.531406135458103
2026-04-01 14:31:31.869206+00:00,2512,1.5028888851869535,2.2224459188865207,581.7782579954314,2875.097727816724,6.51172912427478
2026-04-01 14:35:31.336784+00:00,2473,1.5007043988562518,2.207582239816786,580.6951520499942,2863.520460940671,6.507236633431004
2026-04-01 14:39:31.665685+00:00,2475,1.5030385798375157,2.235750287570201,581.8525395277785,2885.040574400353,6.441680559952662
2026-04-01 14:43:31.277556+00:00,2483,1.5023449990282713,2.18049303661525,581.5084358052975,2841.1474755477548,6.480046110396405
2026-04-01 14:47:31.723810+00:00,2502,1.5022901217161728,2.168078128993582,581.4812168207119,2830.344508779729,6.463026343129873
2026-04-01 14:51:33.024531+00:00,2514,1.501964262449377,2.1787468619524186,581.3196130145503,2839.6488951503743,6.414893292889105
2026-04-01 14:55:31.595404+00:00,2518,1.503736438313532,2.249684525925085,582.1989333783622,2895.0288989039527,6.294092525400321
2026-04-01 14:59:31.414880+00:00,2492,1.503292399111881,2.196597792793285,581.9785075240158,2854.6466019107083,6.33282417698323
2026-04-01 15:03:37.842611+00:00,2483,1.5027985049490165,2.079910687565271,581.7334132322972,2743.6888453807296,6.481753537617845
2026-04-01 15:07:31.016615+00:00,2466,1.5039498709999324,2.1120912406174903,582.3049079445251,2777.3362214980334,6.399626542494721
2026-04-01 15:11:31.257226+00:00,2455,1.5026053264944206,2.117993960209475,581.6375716340806,2783.256133002803,6.360895606836445
2026-04-01 15:15:31.379504+00:00,2437,1.5027249481720057,2.181763850808995,581.6969179988279,2842.2338023196917,6.238130162515493
2026-04-01 15:19:31.309759+00:00,2437,1.5031957469207726,2.2716020312972525,581.9305373707614,2909.859390777716,6.09803585313982
2026-04-01 15:23:31.290293+00:00,2428,1.5022237323945922,2.0790359898478887,581.4482893040083,2742.7418835119743,6.337032649106376
2026-04-01 15:27:31.637930+00:00,2428,1.5011006315622661,2.0732163942135395,580.8914887670693,2736.3978467014285,6.31582462294948
2026-04-01 15:31:31.536867+00:00,2431,1.5046527901896267,2.0764350336511783,582.6540360607082,2739.9159179047256,6.27818819870728
2026-04-01 15:35:31.708188+00:00,2428,1.5036642795068562,2.1640797748059364,582.1631083257942,2826.7917700284333,6.107660022327257
2026-04-01 15:39:31.349288+00:00,2434,1.5009681163282338,2.1319777951179906,580.8258203012186,2796.9691240371776,6.123078799446493
2026-04-01 15:43:31.952537+00:00,2428,1.5013423798858574,2.215207982346887,581.0113037436267,2869.5219648087395,5.9761776301585
2026-04-01 15:47:31.396725+00:00,2437,1.5012382304016239,2.0567692853766597,580.9596828451558,2718.058267000012,6.186660301922457
2026-04-01 15:51:31.137564+00:00,2437,1.500683382586899,2.1874420795798115,580.684739819647,2847.0434987321196,5.947968523331244
2026-04-01 15:55:31.335190+00:00,2456,1.5029410371961331,2.127490766583666,581.8041360045079,2792.61674484202,6.0006420792662345
2026-04-01 15:59:30.797150+00:00,2465,1.5043038688467265,2.228204320725305,582.4807113255116,2879.44987881617,5.828138474415812
2026-04-01 16:03:30.978269+00:00,2456,1.5029606379236575,2.165652603734888,581.8138621970529,2828.1935818754773,5.881114829207565
2026-04-01 16:07:31.648052+00:00,2465,1.5043618470540547,2.1187664437314426,582.5095087565142,2784.0250890895595,5.919385229287127
2026-04-01 16:11:31.164271+00:00,2474,1.501983669879396,2.0808064060532425,581.3292367393215,2744.6567879508684,5.950025953013715
2026-04-01 16:15:31.610923+00:00,2483,1.5027959189844657,2.2293076628133215,581.7321301729125,2880.2752929751678,5.699418160654918
2026-04-01 16:19:31.196560+00:00,2483,1.501363226981749,2.1289338711479266,581.021636897473,2794.0214654742476,5.807340965563276
2026-04-01 16:23:31.580723+00:00,2493,1.5024957293974628,2.0817841812688545,581.5832029763262,2745.711351282208,5.852491058759263
2026-04-01 16:27:31.337842+00:00,2493,1.5037536354627847,2.102568062206716,582.2074716010454,2767.620715670031,5.786749671541519
2026-04-01 16:31:31.369076+00:00,2493,1.5033157916571929,2.161296468146409,581.9901181342193,2824.297514059037,5.665243713146786
2026-04-01 16:35:31.274580+00:00,2493,1.5036787627791341,2.16680286124748,582.1702987656938,2829.2152600341024,5.627100857435502
2026-04-01 16:39:31.431123+00:00,2493,1.5019599318549282,2.1159128051838496,581.3174655841816,2781.177827369658,5.674253462031981
2026-04-01 16:43:31.354383+00:00,2493,1.5035392188543302,2.1393611350656583,582.101023089504,2804.032705284085,5.607587072841933
2026-04-01 16:47:30.797245+00:00,2503,1.5041791589117524,2.1258534901528194,582.4187725862291,2791.017366293583,5.59688234751919
2026-04-01 16:51:31.478759+00:00,2503,1.5031100635055543,2.218743247293185,581.8880139119194,2872.2600311944934,5.43669178404648
2026-04-01 16:55:31.075094+00:00,2527,1.5007605710312573,2.1077579312865566,580.7229825524417,2772.9405948984822,5.562482754404948
2026-04-01 16:59:31.103950+00:00,2527,1.5027624164474993,2.096099598404077,581.7155076696737,2760.905720903859,5.55265354033916
2026-04-01 17:03:31.350574+00:00,2539,1.5027116963614418,2.0814673552400604,581.690343304871,2745.3698784129692,5.546401663496516
2026-04-01 17:07:31.328032+00:00,2563,1.5016070522221088,2.1296209368360746,581.1425034141216,2794.6886166961194,5.433833000187342
2026-04-01 17:11:30.868301+00:00,2585,1.5011715917837176,2.193918471400423,580.9266558852408,2852.441076768783,5.308306214114238
2026-04-01 17:15:31.243378+00:00,2611,1.501428748619192,2.1450351711858837,581.054114587355,2809.3780012470625,5.344352795709427
2026-04-01 17:19:31.056997+00:00,2599,1.5037773040243971,2.1409561730348616,582.2192229863807,2805.542620045334,5.324725145004353
2026-04-01 17:23:31.110228+00:00,2612,1.5025533132286257,2.20644678082334,581.6117685038887,2862.615702364863,5.202712498222323
2026-04-01 17:28:04.121115+00:00,2612,1.5043927137451998,2.1890118136278716,582.5248405333577,2848.360381680577,5.1912453825377405
2026-04-01 17:35:37.944258+00:00,2636,1.5002227985000922,2.15374112165331,580.4565878120791,2817.4392851496486,5.18901291477796
2026-04-01 17:39:30.887608+00:00,2636,1.5028813904317233,2.257517852440138,581.7745391489823,2900.4529327491264,5.028828219401598
2026-04-01 17:43:31.439715+00:00,2648,1.504289863692298,2.049179689608713,582.4737552230808,2709.390988338546,5.307339257194834
2026-04-01 17:47:31.003737+00:00,2660,1.504562637951041,2.2146470586881093,582.6092493981814,2869.084954564307,5.022200969125918
2026-04-01 17:51:31.062616+00:00,2660,1.5017133654140071,2.1816392395249817,581.1952103098989,2842.1274412083712,5.039731140458361
2026-04-01 17:55:31.308065+00:00,2672,1.5042653102186858,2.062584765628257,582.4615601285641,2724.6121720509955,5.2009185286418305
2026-04-01 17:59:31.306239+00:00,2672,1.5036638722019429,2.209611375887763,582.1629061141497,2865.1301264403937,4.949820107118713
2026-04-01 18:03:30.711824+00:00,2684,1.5037654222211134,2.208737574796752,582.2133236746836,2864.4380918483403,4.923833661221789
2026-04-01 18:07:31.178693+00:00,2696,1.502599048847528,2.127382150793323,581.6344573224168,2792.5108291985844,5.012719596942747
2026-04-01 18:11:33.698616+00:00,2720,1.5035499057059432,2.0882868325303385,582.1063282694461,2752.67017937105,5.048103988519978
2026-04-01 18:15:30.821672+00:00,2720,1.503431497069758,2.1024046631143136,582.0475499157455,2767.452243271341,5.000537888476793
2026-04-01 18:19:31.072217+00:00,2733,1.5016061283421809,2.2158741064446605,581.1420453992291,2870.0400199295755,4.80971068668631
2026-04-01 18:23:31.221830+00:00,2733,1.4990823614904356,2.16433354424917,579.8919827101533,2827.0183216120686,4.8558124083086245
2026-04-01 18:27:30.998158+00:00,2755,1.5036909618002843,2.0714666595523332,582.1763552108333,2734.475593265379,4.9777685494382
2026-04-01 18:31:30.942102+00:00,2757,1.503596255497046,2.221790193370844,582.1293377466966,2874.5974237661403,4.729791454462954
2026-04-01 18:35:30.612024+00:00,2769,1.5032152475764724,2.1909444379873433,581.9402156231416,2849.974117253186,4.745200496137792
2026-04-01 18:39:31.274993+00:00,2781,1.501835058259719,2.06241051348286,581.2555467666457,2724.4168954625866,4.923288480953941
2026-04-01 18:43:30.753999+00:00,2793,1.5018290841367357,2.1502865846457855,581.2525846209794,2814.2608784124977,4.755454210736568
2026-04-01 18:47:30.886092+00:00,2805,1.500424098818993,2.1336974406179996,580.5562936635566,2798.625207081722,4.7576205734891195
2026-04-01 18:51:31.067299+00:00,2809,1.504256749045209,2.139087635586961,582.4573080575007,2803.773229218381,4.728292130831998
2026-04-01 18:55:30.986530+00:00,2817,1.5022049691539532,2.173586545108982,581.4389834610703,2835.1803412234194,4.656412473772907
2026-04-01 18:59:32.789299+00:00,2817,1.503316409182618,2.1588699286461512,581.9904246381453,2822.1088104471146,4.657979889229479
2026-04-01 19:03:30.917164+00:00,2817,1.5018835077743182,2.1867948966850195,581.2795699144034,2846.4989558785583,4.5997494633987355
2026-04-01 19:07:31.048837+00:00,2829,1.4994765684370948,2.1222587515156426,580.0870951863296,2787.4847625540187,4.673797774852545
2026-04-01 19:11:30.913845+00:00,2829,1.5032481154938664,2.1121413814686143,581.9565283978723,2777.3868371714952,4.671902030968055
2026-04-01 19:15:31.456038+00:00,2829,1.5037545337976794,2.1239223829957945,582.2079176186749,2789.123237691757,4.635351278428296
2026-04-01 19:19:31.111553+00:00,2817,1.5045245291402702,1.960336240107018,582.5903181973474,2598.333269106669,4.927140149039009
2026-04-01 19:23:30.807153+00:00,2827,1.5021550967191173,2.11602259579686,581.4142492500587,2781.2877101603135,4.614337169168385
2026-04-01 19:27:32.634207+00:00,2817,1.5017142258794316,2.2063892919287054,581.1956369187969,2862.569817117019,4.469235844055463
2026-04-01 19:31:30.733912+00:00,2817,1.5024668374399024,2.089859644830406,581.5688710165147,2754.3390978740536,4.6274242886302615
2026-04-01 19:35:30.706113+00:00,2830,1.5010318118420125,2.050257450276851,580.857384117381,2710.629648574174,4.679903177578445
2026-04-01 19:39:30.978724+00:00,2830,1.5012254419817601,2.158426525313098,580.9533446202635,2821.707441283138,4.486441258405005
2026-04-01 19:43:30.833489+00:00,2817,1.5030072250960709,2.2758510512239027,581.836980025506,2912.6099240002986,4.3283501464451986
2026-04-01 19:47:31.119215+00:00,2842,1.501986782831441,2.1022375625009873,581.330780397013,2767.2798925488405,4.543412323874136
2026-04-01 19:51:31.241432+00:00,2842,1.5016292021882622,2.1568733989704025,581.153484382052,2820.2980754755954,4.444768111873679
2026-04-01 19:55:30.892553+00:00,2854,1.5027281334142215,2.101509120264376,581.6984983196861,2766.52783260023,4.516058486178921
2026-04-01 19:59:31.232914+00:00,2846,1.501838777852369,2.0545046068917316,581.25739105617,2715.4855271744245,4.5872300063282925
2026-04-01 20:03:30.790912+00:00,2852,1.5051434595469382,2.1028844642600197,582.8978446872126,2767.9467714630136,4.489857094561791
2026-04-01 20:07:31.436491+00:00,2854,1.5018987824465977,2.1040648635356973,581.2871438571701,2769.161206339697,4.476141798321468
2026-04-01 20:11:30.845332+00:00,2866,1.5041091026116777,2.1090137859942417,582.383980615984,2774.2188401995136,4.454877440328839
2026-04-01 20:15:30.505267+00:00,2866,1.5030844169456794,2.0608736272003263,581.8752863831053,2722.6916292649084,4.527366160270522
2026-04-01 20:19:30.952662+00:00,2878,1.5034091562203,2.0506257822858784,582.0364604040686,2711.0523723279694,4.533982526057223
2026-04-01 20:23:30.620395+00:00,2878,1.5026677039240646,2.042523077333769,581.6685175291506,2701.6829227511953,4.539730839885667
2026-04-01 20:27:30.790314+00:00,2903,1.5020593646187623,2.125266261191799,581.3667733662999,2790.442266293896,4.383524806356147
2026-04-01 20:31:30.664754+00:00,2915,1.5022351543260812,2.1300364202022615,581.4539542005898,2795.091544112258,4.365527194161078
2026-04-01 20:35:30.536349+00:00,2939,1.5015064756947885,2.1879270370511077,581.0926441760253,2847.4509291764434,4.269091696670045
2026-04-01 20:39:30.702671+00:00,2945,1.5026749057728817,2.182814854000045,581.6720905051482,2843.129494585296,4.2677097156790325
2026-04-01 20:43:31.026361+00:00,2951,1.5033917162237098,2.078791948739124,582.0278036891312,2742.4773747784975,4.421744251545257
2026-04-01 20:47:30.403747+00:00,2951,1.4993005939004347,2.093468192533172,579.9999900918663,2758.1471964280954,4.390421241338031
2026-04-01 20:51:30.934065+00:00,2975,1.5007004525525072,2.0872342424424315,580.6931968948239,2751.5501749009063,4.390919472856819
2026-04-01 20:55:30.814151+00:00,2975,1.5007806891385114,2.0494907598312495,580.7329503327117,2709.748765639417,4.453078514397174
2026-04-01 20:59:31.074096+00:00,2987,1.5029947444477225,2.097902333526002,581.8307867130433,2762.78658699045,4.361036535220393
2026-04-01 21:03:30.789332+00:00,2990,1.5029600014654336,2.0407970683892107,581.8135463742797,2699.66806947411,4.457989913845413
2026-04-01 21:07:30.393863+00:00,3012,1.5017126949610047,2.0249348279263004,581.1948779071597,2680.8387337474696,4.480702030290635
2026-04-01 21:11:30.286209+00:00,3012,1.5040129782741507,2.175840038615514,582.3362452746809,2837.1390833129635,4.226525706579973
2026-04-01 21:15:30.581360+00:00,3012,1.5017491484862653,2.1287304867341112,581.2129513628159,2793.8237732098305,4.2938404729537565
2026-04-01 21:19:30.698099+00:00,3024,1.502851867596927,2.083669557552009,581.7598903085216,2747.7387447236115,4.363896374451314
2026-04-01 21:23:30.987508+00:00,3024,1.5031593736815339,2.162620943574034,581.9124855399797,2825.486605491691,4.237658976334507
2026-04-01 21:27:30.373664+00:00,3036,1.5020062729530583,2.167369315178437,581.3404452786091,2829.7173044674964,4.227912298993982
2026-04-01 21:31:31.124673+00:00,3036,1.503448207453147,2.2144263402172917,582.0558446994102,2868.912801625329,4.164756188911483
2026-04-01 21:35:30.656243+00:00,3048,1.5017544334111803,2.108046053986512,581.215571637355,2773.23416692498,4.3167415913466245
2026-04-01 21:39:30.511532+00:00,3048,1.5021739194560826,2.142593228628939,581.4235842768256,2807.08638188804,4.263272939633999
2026-04-01 21:43:30.718394+00:00,3048,1.5023290484774419,2.1109035650516406,581.5005242719869,2776.135651790204,4.314543187665058
2026-04-01 21:47:30.221331+00:00,3060,1.5031026438566648,2.0997196068445194,581.8843317652642,2764.675250760958,4.33276486666836
2026-04-01 21:51:30.740824+00:00,3072,1.503919842095283,2.1931610479722896,582.289996903497,2851.81467539428,4.1930032424568875
2026-04-01 21:55:30.496524+00:00,3097,1.501283551978604,2.161595937980575,580.98214567956,2824.5667168808013,4.235253707726845
2026-04-01 21:59:30.500153+00:00,3121,1.5005372106615644,2.075395392427027,580.6123251017909,2738.7820964235416,4.372353489205028
2026-04-01 22:03:30.636635+00:00,3133,1.5029906960522426,2.1391794380210722,581.8287777762387,2803.860343262774,4.269697065608633
2026-04-01 22:07:30.211046+00:00,3157,1.4996775688543054,2.1741108076640288,580.1866008094806,2835.637047245832,4.218866744807984
2026-04-01 22:11:30.161323+00:00,3157,1.502254906235636,2.127992705881368,581.4637505944578,2793.105862761643,4.29256914510565
2026-04-01 22:15:30.592349+00:00,3161,1.5028899592103266,2.134949123593726,581.7787909200975,2799.826457734466,4.28687037609513
2026-04-01 22:19:30.660818+00:00,3169,1.5000901367999415,2.2766540696592648,580.3908869176294,2913.125199459615,4.10959856760962
2026-04-01 22:23:30.511603+00:00,3181,1.501187130115865,2.0908333515411996,580.9343567464161,2755.369524526417,4.367914359383946
2026-04-01 22:27:30.089770+00:00,3193,1.5018264361711084,2.104845016892553,581.2512716857782,2769.9621409301517,4.349660009179695
2026-04-01 22:31:31.133739+00:00,3218,1.5020567181313904,2.229541368203967,581.3654609536158,2880.4497787158716,4.175308369926198
2026-04-01 22:35:30.803518+00:00,3230,1.5021942555404326,2.1508780525068087,581.4336699769411,2814.8069659850053,4.287118012292758
2026-04-01 22:39:30.461109+00:00,3242,1.502679105756916,2.1360056319431275,581.6741742064479,2800.8376654272533,4.316372696912292
2026-04-01 22:43:30.365353+00:00,3242,1.5030316170031526,2.071527854547255,581.8490842558588,2734.542937680866,4.432539702563948
2026-04-01 22:47:30.499889+00:00,3251,1.5003041778956205,2.1653128628207474,580.496894074024,2827.8912510934006,4.290856866926739
2026-04-01 22:51:30.379803+00:00,3242,1.5037005816834064,2.17920505901776,582.1811312282398,2840.042784563553,4.2836296875131845
2026-04-01 22:55:30.436263+00:00,3278,1.5018600762146055,2.2151912996086396,581.2679515374393,2869.5089776199147,4.240606262059319
2026-04-01 22:59:30.470825+00:00,3290,1.5017049447063493,2.2264436330191852,581.1910354330181,2878.1270522525956,4.23613208819741
2026-04-01 23:03:30.405649+00:00,3290,1.5035416017581362,2.1707356387645347,582.1022060101016,2832.6860221814577,4.321341501313807
2026-04-01 23:07:30.128293+00:00,3302,1.5015632385015212,2.1127534250763325,581.1207830191943,2778.0042226093674,4.419652937791135
2026-04-01 23:11:30.327339+00:00,3314,1.5011590096577432,2.0812236070101884,580.9204201930091,2745.1070151919757,4.483438738067132
2026-04-01 23:15:30.539113+00:00,3317,1.4999474507315282,2.2423415897953953,580.3202282093131,2889.8195707946907,4.263851525701086
2026-04-01 23:19:30.594482+00:00,3327,1.5037268757188935,2.1203247902878304,582.194185684434,2785.5722501170567,4.443719167020105
2026-04-01 23:23:30.824575+00:00,3327,1.5000759193941802,2.225277712784846,580.3838460871218,2877.2472588658247,4.310950411449318
2026-04-01 23:27:30.320827+00:00,3327,1.500639614037436,2.2001322848568026,580.6630557644244,2857.531467131348,4.357760236030936
2026-04-01 23:31:30.671473+00:00,3315,1.499667897100919,2.1428878006696968,580.1818124716979,2807.3635291250057,4.456268986033445
2026-04-01 23:46:34.841063+00:00,3339,1.5017509555745494,2.2450188426778928,581.2138473190998,2891.7329000114323,4.378736727882141
2026-04-01 23:50:34.659344+00:00,3400,1.4999906969953432,2.1596596721033334,580.3416431902601,2822.822595932633,4.495841415109118
2026-04-01 23:54:34.637929+00:00,3466,1.5036436287265194,2.239731289450765,582.1528560586174,2887.9386260953897,4.3969646190906255
2026-04-01 23:58:34.771303+00:00,3532,1.5014125260803926,2.1510955365574307,581.0460732799884,2815.0075664857986,4.520485326577839
2026-04-02 00:02:34.463026+00:00,3593,1.5008397340607367,2.14792367658264,580.7622057202755,2812.071442717125,4.532846472099176
2026-04-02 00:06:34.772892+00:00,3629,1.502696115113074,2.161390648569479,581.6826129717073,2824.382197455807,4.525832171301271
2026-04-02 00:10:34.826980+00:00,3665,1.5009536158010046,2.2922305982840703,580.818634873348,2922.834386485417,4.380744649758447
2026-04-02 00:14:34.725340+00:00,3657,1.5020981762231675,2.1938810298987903,581.3860206061619,2852.410142246734,4.515882545149595
2026-04-02 00:18:34.720915+00:00,3636,1.5033444808481953,2.169358743479591,582.0043579295763,2831.47482487898,4.574312742885666
2026-04-02 00:22:34.838318+00:00,3605,1.501290578230345,2.076823873435516,580.9856281798544,2740.339360043952,4.747901771126223
2026-04-02 00:26:34.687474+00:00,3573,1.5018132229522163,2.1308091252717847,581.2447202395566,2795.839869294343,4.686316821141222
2026-04-02 00:30:34.865829+00:00,3557,1.5013731164212576,2.097985469686203,581.0265387885453,2762.8731506305076,4.764352815487789
2026-04-02 00:34:35.095814+00:00,3544,1.5018902796788947,2.05261445987479,581.2829277518027,2713.3294670971272,4.868864381733273
2026-04-02 00:38:34.792268+00:00,3544,1.5059384055572635,2.1246362051701055,583.2930224228265,2789.8243645085868,4.768662901081974
2026-04-02 00:42:35.364330+00:00,3539,1.4997134586925394,2.292481052636735,580.2043696033057,2922.9860589029995,4.578667063082067
2026-04-02 00:46:34.663429+00:00,3557,1.5033711958303646,2.246069511195005,582.0176180881642,2892.479383821288,4.647856167801546
2026-04-02 00:50:34.261276+00:00,3557,1.502348936758547,2.2386666909432495,581.5103889478785,2887.167108466713,4.680285868539562
2026-04-02 00:54:34.341452+00:00,3569,1.5014466948689775,2.1525712535145134,581.0630104222716,2816.3659222239194,4.816102760044684
2026-04-02 00:58:34.864915+00:00,3581,1.503506887761185,2.144419254487809,582.0849734892936,2808.8012597695233,4.850592193950215
2026-04-02 01:02:34.919081+00:00,3593,1.503790785076742,2.083179663001124,582.2259163839069,2747.2127145055647,4.972279500823025
2026-04-02 01:06:34.363131+00:00,3581,1.5012146177682693,2.235742443890988,580.9479799437626,2885.0348293795287,4.778200062311704
2026-04-02 01:10:34.366331+00:00,3581,1.5021923836982565,2.165262281255974,581.4327416290885,2827.8462171321244,4.895724531863322
2026-04-02 01:14:34.729845+00:00,3581,1.5015700140714179,2.1726591522879026,581.1241419249084,2834.3709440031816,4.9111243496062755
2026-04-02 01:18:34.654975+00:00,3593,1.5028474991669722,2.22634487288054,581.7577227768987,2878.0526467830805,4.864830120257703
2026-04-02 01:22:35.871132+00:00,3605,1.5025248890179583,2.121656578990728,581.5976680037518,2786.8901670071928,5.035638760425214
2026-04-02 01:26:34.643600+00:00,3617,1.5022932515572904,2.2487463289253706,581.4827691846793,2894.370042489443,4.88735816979053
2026-04-02 01:30:34.472850+00:00,3629,1.5028355816830843,2.0936570338771348,581.7518095822454,2758.3456771588835,5.130869285392021
2026-04-02 01:34:34.452331+00:00,3629,1.502936187070216,2.098271577456372,581.8017293154353,2763.1709354900204,5.150453855315738
2026-04-02 01:38:34.828758+00:00,3629,1.5041112116596063,2.251734547360436,582.3850280049406,2896.4616795294323,4.963755752236963
2026-04-02 01:42:34.494710+00:00,3629,1.5012971568609979,2.21343466450617,580.9888888361081,2868.137981066119,5.037160879603244
2026-04-02 01:46:34.609323+00:00,3641,1.5022578675332927,2.2067360100202986,581.4652193267634,2862.8464407416477,5.071524344941341
2026-04-02 01:50:34.619352+00:00,3641,1.505278772211175,2.079526145920434,582.9650948541124,2743.272745567585,5.292131693457518
2026-04-02 01:54:50.873895+00:00,3653,1.5015807806167112,2.2438551259590303,581.1294793403445,2890.903210016294,5.0810972320827
2026-04-02 02:31:18.485477+00:00,3826,1.503866558992653,2.289656476938048,582.2635396127274,2921.2673805379227,5.273549956355228
2026-04-02 02:35:18.221094+00:00,3824,1.5012192292256015,2.187844722421882,580.9502654607019,2847.3818107906054,5.423169574712431
2026-04-02 02:39:18.318965+00:00,3860,1.5032707270900172,2.1836158708196796,581.9677510439411,2843.81047984827,5.452713296860713
2026-04-02 02:43:18.652905+00:00,3872,1.5021951447824278,2.3170456753464834,581.4341110006028,2937.179160238593,5.331034960981933
2026-04-02 02:47:20.599642+00:00,3908,1.5029008100629035,2.1655312265441893,581.7841750776055,2828.085599672905,5.530471372036086
2026-04-02 02:51:18.111611+00:00,3908,1.502064101059977,2.087014008050639,581.3691222086082,2751.315521265721,5.684817468902759
2026-04-02 02:55:18.345280+00:00,3884,1.5039753122408028,2.2468919099636215,582.3175411965381,2893.0619596149127,5.492441053785971
2026-04-02 02:59:18.351615+00:00,3848,1.5023789088646256,2.1695552274941448,581.52525550395,2831.647923520738,5.6290513009044325
2026-04-02 03:03:18.378451+00:00,3823,1.5022283181640366,2.2624657417064986,581.4505636870958,2903.808147825267,5.548902125529288
2026-04-02 03:07:17.849950+00:00,3799,1.5030062462403317,2.1782957076543594,581.8364942828132,2839.260600403979,5.68842967922157
2026-04-02 03:11:18.251370+00:00,3787,1.5015888066328147,2.2043757163536877,581.1334581897647,2860.9579923864285,5.6870872430992865
2026-04-02 03:15:17.858001+00:00,3760,1.4996368912949118,2.19599351009622,580.1664621866022,2854.1505820760867,5.7344445778880235
2026-04-02 03:19:18.523968+00:00,3751,1.5006467350386103,2.179732828457775,580.6665836449565,2840.4958989003826,5.789458141301239
2026-04-02 03:23:18.358860+00:00,3726,1.501592473676876,2.2273245080182655,581.1352761122985,2878.7897329066127,5.76398674093132
2026-04-02 03:27:18.304105+00:00,3714,1.504522673414973,2.311163404943603,582.5893963470417,2933.903591221342,5.709041186319213
2026-04-02 03:31:17.927670+00:00,3714,1.5052012923648839,2.164652103916881,582.9265867240464,2827.3025101187177,5.911851031436448
2026-04-02 03:35:18.021941+00:00,3714,1.50085602782834,2.250530696370449,580.7702791153447,2895.6214372595705,5.8334198006582
2026-04-02 03:39:19.016621+00:00,3702,1.5026706902795506,2.193204665102524,581.6699991154871,2851.8507823462414,5.937454886938007
2026-04-02 08:42:47.328715+00:00,3287,1.501969590888562,2.2595998988129606,581.3222552593373,2901.8714752311707,7.62515887653071
2026-04-02 08:46:46.670551+00:00,3420,1.503091181455529,2.3178343734115523,581.8786433607316,2937.6124554918315,7.548918086735256
2026-04-02 08:50:48.407548+00:00,3492,1.501248481046513,2.2685819716882385,580.9647633331527,2907.879808619302,7.588892584104836
2026-04-02 08:54:47.757701+00:00,3547,1.5032228948515243,2.3631398642820054,581.9440110318257,2960.1626503214675,7.499662037701742
2026-04-02 08:58:46.760784+00:00,3608,1.5018336624330269,2.1766142814589133,581.2548546736658,2837.809430648408,7.689542505362986
2026-04-02 09:02:48.380605+00:00,3649,1.5013631347707599,2.1596300788997445,581.02159119148,2822.7958742237897,7.7100631896597465
2026-04-02 09:06:46.719103+00:00,3731,1.5020064916993245,2.2478613877564273,581.3405537525998,2893.7467777921056,7.584106019299165
2026-04-02 09:10:46.743005+00:00,3794,1.5003763483368715,2.279279883084971,580.532641158386,2914.800026236515,7.541406691189282
2026-04-02 09:14:47.788622+00:00,3843,1.5036069717635026,2.326500885544915,582.1346577403033,2942.2818576221634,7.490460899671463
2026-04-02 09:18:47.122838+00:00,3891,1.5017684956419224,2.2233832141439214,581.2225437616444,2875.811190442476,7.590214470641551
2026-04-02 09:22:47.293779+00:00,3927,1.5045945355318193,2.2602037456341293,582.6250954514366,2902.281071774176,7.542248640602916
2026-04-02 09:26:47.362084+00:00,3927,1.5038055386252855,2.2056346953327393,582.2332416530653,2861.9668428792747,7.607888749228579
2026-04-02 09:30:48.095062+00:00,3963,1.5042852627469048,2.319236928363399,582.4714700330079,2938.3795482985597,7.478528014214347
2026-04-02 09:34:47.832931+00:00,4015,1.5023168098347819,2.3180689792465046,581.4944539187061,2937.741074359861,7.469490641324253
2026-04-02 09:38:47.063934+00:00,4058,1.5044014678825695,2.277619374864991,582.5291888560739,2913.7426975088947,7.49915779622898
2026-04-02 09:42:47.084312+00:00,4045,1.504396054587749,2.2560052055043074,582.5264999811735,2899.4162420384446,7.523269175900093
2026-04-02 09:46:46.805605+00:00,3975,1.502336652754042,2.257587710754344,581.5042960108694,2900.500686197047,7.5327862580776275
2026-04-02 09:50:49.847851+00:00,3914,1.5028937833812772,2.1985933629329875,581.780688456553,2856.278834262941,7.612906052105579
2026-04-02 09:54:46.943877+00:00,3866,1.5045639226612142,2.1641828629776256,582.609887608606,2826.883818955901,7.666193409999963
2026-04-02 09:58:47.857606+00:00,3779,1.5030111396440828,2.308298273173879,581.838922565411,2932.280049589176,7.5095586691520015
2026-04-02 10:02:46.781970+00:00,3648,1.5019599126155638,2.284963154805887,581.3174560438903,2918.3720881153886,7.552482214993792
2026-04-02 10:06:46.545005+00:00,3575,1.504125423936625,2.27741970624653,582.3920861028035,2913.615142364054,7.569230316388711
2026-04-02 10:10:46.861961+00:00,3515,1.5042788554972821,2.2162847213475336,582.4682877028995,2870.3588661995745,7.6448891564571815
2026-04-02 10:14:46.962095+00:00,3424,1.5017406279751953,2.187636367379615,581.2087268995991,2847.2067902659064,7.693520441742519
2026-04-02 10:18:47.273153+00:00,3358,1.503351495598078,2.301722688787863,582.0078397233076,2928.484408481585,7.569003450759832
2026-04-02 10:22:47.033311+00:00,3298,1.5028446043661596,2.270713627964527,581.7562864355832,2909.2791838579305,7.604378187649288
2026-04-02 10:26:46.986815+00:00,3249,1.5041825468200256,2.238586059724687,582.42045516183,2887.1085713294096,7.641915556412599
2026-04-02 10:30:47.952160+00:00,3213,1.5019228918561873,2.3249676357644757,581.2990986663494,2941.4680168128816,7.553427440740254
2026-04-02 10:34:47.463205+00:00,3165,1.5044132375478034,2.351193987071758,582.5350350824554,2954.663242072743,7.532853261508603
2026-04-02 10:38:47.082531+00:00,3127,1.503938239765962,2.3481646207502256,582.2991323452826,2953.2178144193467,7.533408810474938
2026-04-02 10:42:46.954440+00:00,3087,1.5023625938026468,2.222174141549973,581.5171629816339,2874.890484638099,7.657428280270272
2026-04-02 10:46:46.762871+00:00,3047,1.5021512338763965,2.282847713293327,581.4123335108437,2917.050942632235,7.587204442712549
2026-04-02 10:50:46.711878+00:00,3045,1.5013926172525451,2.3039816981777324,581.0362048498688,2929.799307377276,7.556597265655533
2026-04-02 10:54:46.941977+00:00,3069,1.5045311639895236,2.1633619631905394,582.5936141355583,2826.150165402343,7.707725410044482
2026-04-02 10:58:47.091901+00:00,3057,1.5016408166894906,2.4020590868726375,581.1592424028001,2975.8615397593176,7.457762847174903
2026-04-02 11:02:46.997919+00:00,3069,1.5025786456971453,2.212340037435979,581.6243355076931,2867.2801634008283,7.618060028321013
2026-04-02 11:06:47.067139+00:00,3093,1.505112266332147,2.2975811168558757,582.8823426119446,2926.0440285694667,7.50653344687796
2026-04-02 11:10:47.002214+00:00,3020,1.5037771409824179,2.287479797031337,582.2191420357574,2919.9307325186055,7.517078009647211
2026-04-02 11:14:46.975275+00:00,2960,1.5031856792615155,2.3166937921714488,581.9255408032125,2936.9853928474204,7.487428459305498
2026-04-02 11:18:46.480034+00:00,2888,1.5031164182294257,2.234769120706943,581.8911675837279,2884.320859017216,7.571640715207696
2026-04-02 11:22:47.039003+00:00,2815,1.5025639231223178,2.1874969282687546,581.617031863462,2847.0896055457306,7.630738868758584
2026-04-02 11:26:46.391745+00:00,2803,1.501132811452422,2.243999626261476,580.9074365572783,2891.0063987711674,7.5473978562132995
2026-04-02 11:30:47.919582+00:00,2807,1.5035017502567107,2.2533701238827275,582.0824231945653,2897.598046573574,7.520576913078214
2026-04-02 11:34:46.780254+00:00,2827,1.501431465894435,2.173436604099468,581.0554615152163,2835.0496083674016,7.601433230345944
2026-04-02 11:38:46.737370+00:00,2815,1.5053948968803106,2.3168719507947007,583.0228136802842,2937.083532049108,7.423226359301875
2026-04-02 11:42:46.706086+00:00,2815,1.500832656737388,2.1124602225821683,580.7586990075188,2777.7085658258557,7.66259196957741
2026-04-02 11:46:46.822243+00:00,2788,1.5024462756423578,2.273096284704188,581.558671438312,2910.8312830887444,7.436299277320361
2026-04-02 11:50:46.512786+00:00,2755,1.5028320827819202,2.3043070881688577,581.7500735133949,2929.987764553929,7.393918023538607
2026-04-02 11:54:46.566629+00:00,2755,1.502058423640663,2.2033854243263535,581.3663067280158,2860.161951668083,7.4879417914863495
2026-04-02 11:58:47.003235+00:00,2767,1.5028296017171143,2.134367799211686,581.7488424725191,2799.268992463195,7.564900440267807
2026-04-02 12:02:46.800273+00:00,2767,1.5036252023447285,2.224721972331314,582.1437082388363,2876.8268299018555,7.4210773703925295
2026-04-02 12:06:46.442136+00:00,2768,1.504549894246857,2.221958075823192,582.6029186900946,2874.7256061214193,7.404710854850952
2026-04-02 12:10:47.155767+00:00,2768,1.5029699815506645,2.2055914855244905,581.8184987000362,2861.932276666571,7.405297404737343
2026-04-02 12:14:46.403974+00:00,2768,1.5027802115738886,2.1569426002520102,581.7243367899268,2820.360986399073,7.451733517265177
2026-04-02 12:18:46.887246+00:00,2756,1.5032305219933007,2.4043027790439044,581.9477964683351,2976.663103646054,7.181871542465947
2026-04-02 12:22:46.709219+00:00,2756,1.5028452999268733,2.2204217457503654,581.756631558405,2873.550225049491,7.326433758156914
2026-04-02 12:26:46.604610+00:00,2756,1.5018809419492893,2.190846347279413,581.2782976585509,2849.8924134215667,7.342846075683144
2026-04-02 12:30:47.064147+00:00,2747,1.502786910030375,2.192093297640028,581.7276602831748,2850.929445202778,7.320853671342515
2026-04-02 12:34:48.484866+00:00,2756,1.5042849894767387,2.2568999979499744,582.471334305857,2900.0301063516545,7.217807461600938
2026-04-02 12:38:46.892675+00:00,2768,1.502903219685244,2.2286042925754934,581.7853707298412,2879.7494143868753,7.225367827519448
2026-04-02 12:42:47.137436+00:00,2768,1.5027742437101368,2.1396175634314045,581.7213757992243,2804.27583329162,7.323553284449118
2026-04-02 12:46:46.639124+00:00,2780,1.5026070962613807,2.1914173042790788,581.6384496097661,2850.367684768119,7.223658183931321
2026-04-02 12:50:46.859781+00:00,2762,1.503461452797174,2.2430273038715036,582.0624195581337,2890.3111542043353,7.138936761991592
2026-04-02 12:54:46.555894+00:00,2756,1.5032651684679794,2.1900529084645215,581.9649921578381,2849.230732680294,7.181874997937702
2026-04-02 12:58:46.292726+00:00,2744,1.5033036320522064,2.2662496175695845,581.9840828360348,2906.3370154077693,7.067731897169367
2026-04-02 13:02:46.835919+00:00,2732,1.5023583284651645,2.2363212464397484,581.5150473236354,2885.4583969928863,7.078636377698473
2026-04-02 13:06:46.533433+00:00,2732,1.4999058882324106,2.2731171478444026,580.2996476136689,2910.8448174766,7.012566170329306
2026-04-02 13:10:46.495528+00:00,2744,1.5019855975306815,2.260939336180224,581.3301926270005,2902.7789277614247,6.997699567000723
2026-04-02 13:14:46.971657+00:00,2756,1.502685930456874,2.2403773537310983,581.6775600980759,2888.4055924907425,6.992659666874751
2026-04-02 13:18:46.502179+00:00,2804,1.5016223915649973,2.306008990435461,581.1501079599611,2930.9695951464864,6.888991030274175
2026-04-02 13:23:20.866779+00:00,2829,1.503543115312654,2.126020705573078,582.1029573695316,2791.1809866075737,7.075873167449964
2026-04-02 13:27:20.705753+00:00,2840,1.5016304239272538,2.1149623856049553,581.154090070826,2780.225480875667,7.0645591525390286
2026-04-02 13:31:33.761155+00:00,2889,1.500031797100599,2.1571104566686796,580.3619960188955,2820.513540177969,6.963420657584504
2026-04-02 13:38:33.778692+00:00,2974,1.503699627476801,2.183300508280453,582.18065748848,2843.542545662456,6.862250916719729
2026-04-02 13:42:33.306296+00:00,3043,1.502412790222626,2.1908384018722944,581.5420614737483,2849.885794417478,6.811195971705959
2026-04-02 13:46:33.368794+00:00,3107,1.5026969264892862,2.092791667827018,581.6830155181545,2757.435482659781,6.919675011362439
2026-04-02 13:50:33.286380+00:00,3106,1.5005357145418938,2.2817285850352444,580.6115839504603,2916.3479636546053,6.636006511862097
2026-04-02 13:54:33.511895+00:00,3119,1.5022447349253074,2.1997831588185393,581.458705892613,2857.247755185098,6.699994245864599
2026-04-02 13:58:33.078418+00:00,3167,1.5024958430549784,2.2096055965077346,581.5832593571165,2865.1255548970194,6.649481578265786
2026-04-02 14:02:33.033488+00:00,3228,1.5027529118260505,2.129030390434801,581.7107919601063,2794.1152510300426,6.723144558684843
2026-04-02 14:06:33.465009+00:00,3300,1.5037536846553259,2.1798253217525025,582.2074960248258,2840.575244370245,6.605660945594666
2026-04-02 14:10:33.913166+00:00,3337,1.5018870355820606,2.169383605520568,581.2813191699136,2831.4967326400074,6.583865646076304
2026-04-02 14:14:33.377626+00:00,3373,1.5023753174611358,2.209065136067935,581.523474104547,2864.697714895001,6.494093557648637
2026-04-02 14:18:33.717496+00:00,3347,1.5047004525363679,2.2565800811369674,582.6777153395844,2899.8108363535584,6.412741017748221
2026-04-02 14:22:33.776679+00:00,3313,1.502463745751488,2.194850681238514,581.5673373904028,2853.2102645855966,6.4641055109548065
2026-04-02 14:26:33.092725+00:00,3289,1.5043798103866732,2.1419192862515017,582.5184312732504,2806.451573876393,6.5136812749541075
2026-04-02 14:30:34.905361+00:00,3277,1.5005209803990127,2.2079799593559586,580.6042849568387,2863.8366893817074,6.393402952205854
2026-04-02 14:34:33.096191+00:00,3265,1.5024161580075717,2.1952717670093698,581.5437319978844,2853.5570736936397,6.381774961941664
2026-04-02 14:38:33.658239+00:00,3254,1.504116338798909,2.132342167268637,582.387574235662,2797.3205813500344,6.443716130753343
2026-04-02 14:42:33.626034+00:00,3240,1.5034645934800106,2.184047362341582,582.0639785711575,2844.176716956318,6.340345074575601
2026-04-02 14:46:33.876603+00:00,3240,1.5044524671615953,2.078006652703026,582.554521556858,2741.625310637718,6.474443718924408
2026-04-02 14:50:32.952870+00:00,3228,1.5021693873331385,2.1831113453426227,581.4213365856632,2843.3817245991604,6.282208127953326
2026-04-02 14:54:33.437180+00:00,3216,1.502768863214085,2.0052322214875473,581.7187062450133,2656.665589400196,6.553687274276707
2026-04-02 14:58:33.338446+00:00,3216,1.4997504225307774,2.1531542225103704,580.2226705903472,2816.9011840549883,6.264987928196841
2026-04-02 15:02:33.060278+00:00,3216,1.5008977957269622,2.225326575859164,580.7909750997701,2877.2841916763064,6.136756572961079
2026-04-02 15:06:33.178707+00:00,3216,1.503224595359374,2.1435381701687555,581.944855011313,2807.97473879839,6.216979636113287
2026-04-02 15:10:33.385163+00:00,3216,1.5018257804261823,2.1868524667894467,581.2509465495312,2846.5474336769803,6.123691054432144
2026-04-02 15:14:32.883633+00:00,3217,1.5036014566585112,2.1881232812837075,582.1319198113251,2847.615651330524,6.090466611045823
2026-04-02 15:18:33.347496+00:00,3229,1.5022042491167873,2.1595521378869873,581.4386263528584,2822.725486611418,6.0968692349281435
2026-04-02 15:22:33.135569+00:00,3229,1.5032232743492084,2.0986772029459644,581.944199380332,2763.592801650838,6.1605579142190905
2026-04-02 15:26:33.075675+00:00,3229,1.5015406269898437,2.097106403043519,581.1095737541509,2761.9570585220636,6.131783120998545
2026-04-02 15:30:32.831293+00:00,3241,1.5012881958280937,2.1208530101881604,580.9844473610824,2786.095443684061,6.0592995992387255
2026-04-02 15:34:33.215020+00:00,3253,1.503858589798202,2.1933314061153553,582.2595826585767,2851.955676375187,5.919735143797943
2026-04-02 15:38:32.913644+00:00,3253,1.503228844129801,2.2272442127381327,581.9469637240253,2878.7293989363434,5.845283239022656
2026-04-02 17:17:47.966797+00:00,3861,1.5024262703622686,2.0838075085290275,581.5487480580468,2747.8867742190077,5.193830613251947
2026-04-02 17:21:48.060007+00:00,3985,1.5034261261510953,2.1032024859785072,582.0448838927949,2768.274270286257,5.109777548548847
2026-04-02 17:25:49.028138+00:00,4045,1.5034852396967409,2.1196655086919205,582.0742272938794,2784.91836482736,5.044047418020769
2026-04-02 17:29:47.046801+00:00,4064,1.5037814829138316,2.22639217201319,582.2212978153198,2878.088284476099,4.863260644941409
2026-04-02 17:33:47.146731+00:00,4069,1.5020005697900825,2.1033761795585644,581.3376171454361,2768.453044275543,5.0114544496587605
2026-04-02 17:37:47.263915+00:00,4064,1.5014918468033587,2.201442305597103,581.085392423071,2858.593600282885,4.84060909792149
2026-04-02 17:41:48.630307+00:00,4038,1.5024422394111978,2.1161382890287146,581.5566693029151,2781.403471297691,4.943042299312598
2026-04-02 17:45:58.474323+00:00,4018,1.5028057206689025,2.119229432224994,581.7369934162263,2784.485322533308,4.915580184018626
2026-04-02 17:58:01.021256+00:00,3942,1.5007691878324605,2.105355734404195,580.7272518425976,2770.4857239665907,4.869156426739467
2026-04-02 18:01:46.786488+00:00,3918,1.499687155299864,2.125468966518877,580.1913469444486,2790.6408721592925,4.8225450085525745
2026-04-02 18:05:56.721744+00:00,3905,1.5028464596064424,2.070366635849293,581.7572069677635,2733.2635981761905,4.892573239089582
2026-04-02 18:09:48.967788+00:00,3881,1.503831807418323,2.1277557727846634,582.2462845308371,2792.8750521572492,4.776919563701953
2026-04-02 18:13:58.249328+00:00,3881,1.5025003779632937,2.077413768504425,581.5855089411185,2740.9811022563636,4.836377986125645
2026-04-02 18:17:58.310682+00:00,3869,1.5020341461326323,2.130114669639179,581.3542674305861,2795.1673855572617,4.7278963026689835
2026-04-02 18:21:49.260866+00:00,3857,1.5025614438043953,2.019296645513436,581.6158019191237,2674.0100882631377,4.901699429109703
2026-04-02 18:25:47.012330+00:00,3857,1.5025902242598337,2.093023795428005,581.6300795081977,2757.67979982775,4.744292010995637
2026-04-02 18:29:56.312848+00:00,3845,1.5011123121657823,2.114015815144584,580.897277428386,2779.2749794748825,4.689327172214265
2026-04-02 18:33:48.960178+00:00,3845,1.502657739319527,2.1025089475555183,581.6635739263525,2767.5597725010985,4.6860460414997
2026-04-02 18:37:47.055629+00:00,3845,1.503749456128659,2.019235825053528,582.2053965915899,2673.9360376368477,4.814851262759134
2026-04-02 18:41:57.641090+00:00,3845,1.5028039195774177,2.140226322261254,581.7360997769148,2804.852427076674,4.583037291030821
2026-04-02 18:46:01.880213+00:00,3857,1.5021443619047892,2.037947804182981,581.4089254362124,2696.32738057576,4.729181491374233
2026-04-02 18:49:47.030288+00:00,3857,1.503221213142689,2.252330111868367,581.9431763834652,2896.8761602401455,4.39139533182506
2026-04-02 18:53:58.356634+00:00,3857,1.5030422568750115,2.2095478603522754,581.8543642461098,2865.0798809521993,4.422429492964745
2026-04-02 18:57:48.390844+00:00,3857,1.501073250759996,2.2395624324363164,580.8779196020948,2887.816424389869,4.366209663975815
2026-04-02 19:01:47.157112+00:00,3857,1.503868339056306,2.128259061441505,582.2644234729764,2793.3651853416914,4.498836475962673
2026-04-02 19:05:47.064252+00:00,3869,1.5032885036862706,2.0125288109847292,581.9765740944663,2665.7192015827522,4.683011501825238
2026-04-02 19:13:46.656109+00:00,3882,1.5027059893245944,2.237774127745991,581.6875118598612,2886.5183081106306,4.28929909886569
2026-04-02 19:17:48.844474+00:00,3894,1.5028549274561058,2.1411740090142684,581.7614085562127,2805.7483882042607,4.3994493254619
2026-04-02 19:21:51.483985+00:00,3894,1.5025603056139256,2.237851583236791,581.6152372843314,2886.5746809103257,4.252500753390483
2026-04-02 19:21:54.686954+00:00,3894,1.5014006968845062,2.2039332475659736,581.0402097544113,2860.6025879002973,4.294259025181903
2026-04-02 19:25:48.970793+00:00,3894,1.5030590830200767,2.15083374905176,581.8627142274946,2814.766088866242,4.351424261376093
2026-04-02 19:29:48.844618+00:00,3894,1.5023307592939878,2.067753997298402,581.5013728392317,2730.374151504533,4.4710481829940445
2026-04-02 19:33:57.892247+00:00,3906,1.5036333982586783,2.07555622799405,582.1477771047336,2738.9576603153328,4.439399423673382
2026-04-02 19:37:46.930881+00:00,3906,1.501646811814574,2.1152617507011207,581.1622145722948,2780.525671284784,4.357455314392128
2026-04-02 19:41:46.584021+00:00,3906,1.5013537433665851,2.132812376965227,581.0169361927494,2797.773685216899,4.315096205462541
2026-04-02 19:45:47.058159+00:00,3919,1.5012157501837187,2.1209414224770042,580.9485411875021,2786.182953594439,4.317144412968508
2026-04-02 19:49:53.550021+00:00,3919,1.503519942096134,2.14634937298901,582.0914537975443,2810.605771620466,4.2642287587576275
2026-04-02 19:53:46.575840+00:00,3907,1.502215304813663,2.2162337720144185,581.4441095341994,2870.31932410218,4.157327287164109
2026-04-02 19:57:48.247858+00:00,3916,1.501603708105329,2.2397957009360034,581.1408455644913,2887.985223808869,4.114576938647853
2026-04-02 20:01:48.683850+00:00,3919,1.5007378546444419,2.0303205577538206,580.7117275882327,2687.2951028565503,4.424535623924867
2026-04-02 20:05:58.013778+00:00,3923,1.5053133113305566,2.1583661035808865,582.982261755201,2821.6527133603195,4.196119378742039
2026-04-02 20:09:46.603676+00:00,3931,1.5023676294309771,2.1886305781069866,581.5196607211226,2848.0410628248655,4.141055485805153
2026-04-02 20:13:46.862355+00:00,3931,1.5014936132519188,2.1385767280753143,581.086268073237,2803.2880689689773,4.2023941042602475
2026-04-02 20:17:53.592066+00:00,3931,1.5016819339355871,2.161373502143367,581.1796271182382,2824.3667815319677,4.158405283276772
2026-04-02 20:21:46.605411+00:00,3931,1.503646643930745,2.0898319048187064,582.1543529749006,2754.3097108383345,4.261466487546774
2026-04-02 20:25:55.316613+00:00,3935,1.5018943904777435,2.1358553251681474,581.2849660921635,2800.693956070005,4.177082392512513
2026-04-02 20:29:46.845253+00:00,3950,1.5009456557810201,2.1220222526049892,580.8146904855715,2787.251336340567,4.187344195441848
2026-04-02 20:33:56.210960+00:00,3938,1.5021245797165337,2.088632461567288,581.3991147803982,2753.037403179889,4.236614529257399
2026-04-02 20:37:48.673556+00:00,3943,1.5041918935954908,2.101090360010769,582.4250971783428,2766.0949569676623,4.207212071128656
2026-04-02 20:41:46.555811+00:00,3955,1.5037285875689634,2.1569434825492486,582.1950355916251,2820.361788426704,4.110768643430929
2026-04-02 20:45:48.550173+00:00,3967,1.5038161082575405,2.1112266225139344,582.2384896165779,2776.462529516134,4.172693756686644
2026-04-02 20:49:46.495855+00:00,3979,1.5014150817563165,2.127703439726592,581.0473400902033,2792.824054455743,4.138268553343258
2026-04-02 20:53:46.919650+00:00,3991,1.500492947856994,2.119277854055019,580.5903984143844,2784.5334284804476,4.14401894857081
2026-04-02 20:57:48.251288+00:00,3984,1.5017644498039529,2.1045538337378042,581.2205378079614,2769.6633609444043,4.164466055505019
2026-04-02 21:01:46.947393+00:00,3991,1.5017193020433828,2.0660557935768225,581.198153627922,2728.4878216062834,4.2251143607820385
2026-04-02 21:05:55.263949+00:00,4004,1.5022201002320468,2.0565492254827604,581.4464878821259,2717.8087767491306,4.236144327056886
2026-04-02 21:09:48.378667+00:00,4020,1.5033171943168304,2.143237528383405,581.9908143335756,2807.692316955271,4.085468694153305
2026-04-02 21:13:47.028602+00:00,4035,1.5015392302937325,2.1090961622235103,581.1088813720462,2774.302561600809,4.133727744819636
2026-04-02 21:17:47.081305+00:00,4050,1.501284927437408,2.059560425542431,580.9828274123593,2721.2132718979365,4.214206754910905
2026-04-02 21:21:46.835150+00:00,4052,1.5008956093094374,2.100273753602679,580.7898917154521,2765.249694495674,4.141520629194889
2026-04-02 21:25:47.217056+00:00,4066,1.503084088387487,2.159019943208925,581.8751233321526,2822.244504047806,4.046288535780708
2026-04-02 21:29:48.337190+00:00,4073,1.5026993149072583,2.165821374165388,581.684200480477,2828.343672213343,4.034753142873017
2026-04-02 21:33:46.904199+00:00,4081,1.503281843671153,2.0364552068753343,581.9732685191677,2694.5700877535683,4.248467023598657
2026-04-02 21:37:46.644964+00:00,4096,1.500665854335402,2.1692009704174042,580.6760557977032,2831.3357672208513,4.0264347240722085
2026-04-02 21:41:46.501625+00:00,4096,1.501629058903598,2.0240716498590214,581.153413347345,2679.79791955337,4.271312630955126
2026-04-02 21:45:46.770040+00:00,4096,1.5037493235732367,2.1006258917787766,582.205330778871,2765.614373029638,4.135116845331053
2026-04-02 21:49:46.835826+00:00,4107,1.5026873714379687,2.1895432490947906,581.678275004211,2848.804963005793,4.001619167888966
2026-04-02 21:53:46.729499+00:00,4110,1.5036189619992524,2.0741722774426443,582.1406102315459,2737.445079611294,4.182974826173313
2026-04-02 21:57:46.354997+00:00,4112,1.5033588470160857,2.1935273542189195,582.0114886416129,2852.117777078368,4.001646139820048
2026-04-02 22:01:46.773274+00:00,4112,1.503083306489135,2.146925593477156,581.874735305846,2811.1428752237944,4.0714907316710045
2026-04-02 22:05:48.675136+00:00,4142,1.5014669436069121,2.2532527849224357,581.0730477184802,2897.5167213230006,3.931477680712354
2026-04-02 22:09:46.852203+00:00,4142,1.502064248217506,2.236446818392678,581.3691951854282,2885.5501914290962,3.9557674369661746
2026-04-02 22:13:47.053674+00:00,4155,1.5025820834273214,2.1644234403587603,581.6260409238496,2827.098541365054,4.05288951425332
2026-04-02 22:17:46.413700+00:00,4157,1.505020197966469,2.127849838865456,582.8365894120186,2792.966702571489,4.11351946812067
2026-04-02 22:21:46.947319+00:00,4158,1.5030917115136473,2.2203221954620354,581.8789064097632,2873.4738808802676,3.990556379634972
2026-04-02 22:25:46.737521+00:00,4158,1.502088962927295,2.165761263686208,581.3814515514697,2828.290222287077,4.070403709801291
2026-04-02 22:29:46.344418+00:00,4158,1.5024259729208134,2.190516570966701,581.5486005168086,2849.617570921737,4.043846354555816
2026-04-02 22:33:46.482995+00:00,4158,1.5027229619966758,2.176152289590116,581.6959325828262,2837.409595011428,4.071737762772719
2026-04-02 22:37:46.612428+00:00,4173,1.5019734571964556,2.162916532094358,581.3241724745344,2825.751443291576,4.096448895796255
2026-04-02 22:41:48.049917+00:00,4173,1.5030849851085661,2.081348614485017,581.8755683408559,2745.2418425143615,4.235209297980315
2026-04-02 22:45:47.932020+00:00,4173,1.5035284108956972,2.202720055545465,582.0956578296514,2859.625864427,4.0611393735553865
2026-04-02 22:49:48.011395+00:00,4176,1.5051640820319385,2.1117512119581496,582.9080936177273,2776.992824203281,4.203790470593956
2026-04-02 22:53:47.213154+00:00,4188,1.5040420474637024,2.2356131355757873,582.3506806954197,2884.940098985975,4.038845698478584
2026-04-02 22:57:46.751480+00:00,4203,1.5025892326739183,2.118108727438724,581.6295875912688,2783.3704607365426,4.2107129049206335
2026-04-02 23:01:46.555859+00:00,4264,1.5014738836330124,2.1584934826923434,581.0764879208864,2821.7680794139524,4.149388001773535
2026-04-02 23:05:48.787355+00:00,4280,1.5007693193983138,2.2439906099069624,580.7273170285639,2890.999961493115,4.047464923099621
2026-04-02 23:09:54.142000+00:00,4295,1.503414012756636,2.1777588904777514,582.038871068373,2838.7979840148973,4.141474924312118
2026-04-02 23:13:59.778218+00:00,4295,1.5036972890538458,2.1039720315041457,582.1794965211891,2769.065810708632,4.266992109265402
2026-04-02 23:17:48.494308+00:00,4280,1.5040184088028337,2.2134376317741618,582.3389419897167,2868.1403027523775,4.124417546525155
2026-04-02 23:21:46.713800+00:00,4280,1.502612818509336,2.151669023963302,581.6412884059436,2815.536025143825,4.223379744728309
2026-04-02 23:25:46.841953+00:00,4295,1.5022624106509819,2.2003651412220506,581.4674726095907,2857.7205424677495,4.167600539255034
2026-04-02 23:29:46.159306+00:00,4310,1.502147361645718,2.1317586206106967,581.4104131209351,2796.7575746724033,4.278143920271733
2026-04-02 23:33:47.846101+00:00,4310,1.5032353933309412,2.1758810465131533,581.9502141786899,2837.174622056854,4.228987186754978
2026-04-02 23:37:46.818773+00:00,4325,1.4997700613276121,2.2528650799233656,580.2323940514286,2897.247791477921,4.145874320363046
2026-04-02 23:41:46.547836+00:00,4325,1.5001532368182373,2.159948583376366,580.4221365345836,2823.083370399856,4.2818806309687965
2026-04-02 23:45:48.536642+00:00,4325,1.4992674935071475,2.2966390303666246,579.9836070212871,2925.483547640195,4.134465204112678
2026-04-02 23:49:46.753176+00:00,4326,1.501711770189622,2.241232798445444,581.1944194166033,2889.0224570836344,4.2105803727559055
2026-04-02 23:53:49.330195+00:00,4322,1.502095787073644,2.200263291837894,581.3848357770918,2857.6378574809305,4.279925323699744
2026-04-02 23:57:46.566727+00:00,4326,1.503682067235324,2.170577379287581,582.1719393231905,2832.54702400735,4.3380899402395565
2026-04-03 00:01:48.077498+00:00,4326,1.5023007920104803,2.1320177571565293,581.4865091736714,2797.0076841827586,4.414246187048405
2026-04-03 00:05:46.923262+00:00,4341,1.5028867528949672,2.207311309358926,581.7771999647085,2863.3048400505177,4.324277941074823
2026-04-03 00:09:48.175762+00:00,4341,1.502108858667548,2.1696264667762795,581.3913182772056,2831.710662590839,4.394952245818595
2026-04-03 00:13:46.735369+00:00,4341,1.501665434882935,2.1894388424144986,581.1714473054401,2848.7176697847663,4.38790648242928
2026-04-03 00:17:46.698250+00:00,4359,1.5009411972697952,2.2410364680294075,580.8124811919761,2888.8810274226043,4.340656239151522
2026-04-03 00:22:03.540617+00:00,4371,1.502563571457281,2.1453293875412203,581.6168574087309,2809.6532040317843,4.492247207037476
2026-04-03 00:25:47.978746+00:00,4371,1.5022228507600206,2.2066123938229385,581.4478520445765,2862.747846385073,4.423062475879631
2026-04-03 00:29:46.053406+00:00,4387,1.5009950241248815,2.0517704391533633,580.839154079727,2712.3641207947494,4.683760620688227
2026-04-03 00:33:48.096041+00:00,4387,1.5015960958380727,2.2509341726555108,581.137071788887,2895.903410196138,4.410974592294777
2026-04-03 00:37:46.614448+00:00,4402,1.500986605228858,2.098996770644524,580.8349821878896,2763.9249047375033,4.643040837140617
2026-04-03 00:41:48.066307+00:00,4387,1.5012520843824984,2.1707904643369447,580.9665492494244,2832.734162003063,4.5583015123999004
2026-04-03 00:45:46.278939+00:00,4387,1.5037686197668816,2.1971945058573867,582.2149112503753,2855.135605347972,4.545721964174968
2026-04-03 00:49:46.448733+00:00,4394,1.5027301402493567,2.2008413403169715,581.6994939893852,2858.106829582058,4.563426240922641
2026-04-03 00:53:46.626130+00:00,4396,1.5029148098902083,2.206923505990792,581.7911218061931,2862.9959192563556,4.579342540712115
2026-04-03 00:57:48.493723+00:00,4402,1.5011478507354283,2.2128846087387166,580.9148898851463,2867.7072588598694,4.5951384808033655
2026-04-03 01:01:47.884022+00:00,4433,1.5016015307103747,2.306581555110482,581.1397661205846,2931.298449701774,4.511899450784864
2026-04-03 01:05:48.291048+00:00,4433,1.5037597015320772,2.263739651115442,582.2104833717491,2904.663118720856,4.5798958967076695
2026-04-03 01:09:55.839046+00:00,4433,1.5014786479728028,2.2256960376533357,581.078849635346,2877.56327360709,4.648963408110499
2026-04-03 01:13:48.357307+00:00,4417,1.501553783821868,2.0736730218541064,581.1160960041441,2736.8983677188025,4.903950998187763
2026-04-03 01:17:46.605352+00:00,4402,1.5031060671434424,2.155052002027682,581.8860306362751,2818.638384374238,4.801473356410436
2026-04-03 01:21:48.137069+00:00,4417,1.5037217386633286,2.286061296457054,582.1916352215624,2919.053950846903,4.663621603685327
2026-04-03 01:25:46.363172+00:00,4402,1.5037950632211678,2.0629055093720177,582.2280405132257,2724.9714373415845,5.005208250831847
2026-04-03 01:29:47.999340+00:00,4402,1.5025839218689772,2.1596062323513254,581.6269529540857,2822.774340131523,4.874958166950588
2026-04-03 01:33:57.007755+00:00,4423,1.501580041634427,2.1501539745018525,581.1291129954203,2814.138335182316,4.912164611622212
2026-04-03 06:25:47.066535+00:00,6321,1.503112172288463,2.3896615628870075,581.8890604403772,2971.2291282556826,6.426507069746268
2026-04-03 06:29:46.840541+00:00,6541,1.5032981951162243,2.23308472479765,581.9813842838425,2883.0802735507486,6.54931869642554
2026-04-03 06:33:46.969270+00:00,6605,1.5024269719214634,2.2702889245638724,581.5490960557672,2909.001189685656,6.517710752774089
2026-04-03 06:37:47.198934+00:00,6647,1.5024132158397256,2.2248689487651063,581.5422725926055,2876.938087877552,6.583079353338742
2026-04-03 06:41:46.964375+00:00,6709,1.5036119077081775,2.171083588700825,582.1371081587808,2832.9914267959175,6.66338983591504
2026-04-03 06:45:48.322613+00:00,6596,1.5050591744979325,2.268349228611167,582.8559583669281,2907.7264024709475,6.5854229111084805
2026-04-03 06:49:46.926183+00:00,6448,1.5006941508587885,2.218875300171797,580.6900747973081,2872.361763699446,6.690652627540733
2026-04-03 06:53:46.529281+00:00,6246,1.502757256244383,2.2078160761413623,581.7129474355645,2863.7064280996874,6.762686598203475
2026-04-03 06:57:46.702574+00:00,5994,1.5008166435220534,2.2563876368194857,580.7507647515167,2899.678825138655,6.771956158783236
2026-04-03 07:01:46.906867+00:00,5766,1.5028025098269735,2.2222120690077167,581.7354003082771,2874.91941607037,6.873922170699482
2026-04-03 07:05:46.730727+00:00,5591,1.5023492255031112,2.2436428897019254,581.5105321674732,2890.751565677556,6.900210060550396
2026-04-03 07:09:46.925485+00:00,5459,1.5051691141153352,2.2085855614166703,582.9105944770777,2864.3175253001345,6.985916526000425
2026-04-03 07:13:46.828951+00:00,5305,1.5033765547015117,2.2460656410476174,582.0202780291255,2892.476638680174,6.987541466492737
2026-04-03 07:17:46.868644+00:00,5169,1.5014541919059612,2.2772886416625893,581.0667266858286,2913.531365257216,6.996746949361744
2026-04-03 07:21:46.808683+00:00,5080,1.5046065208917396,2.2428924930457144,582.6310496195074,2890.214592518144,7.067986530436628
2026-04-03 07:25:46.817666+00:00,4963,1.500884932698139,2.3192616325668776,580.7846014077509,2938.393020148271,7.029082895353981
2026-04-03 07:29:46.898933+00:00,4856,1.5035744297179061,2.254508231249162,582.1185026588114,2898.385244813503,7.129614799802179
2026-04-03 07:33:46.455427+00:00,4795,1.5049230531306375,2.3355810814951603,582.7883166547442,2946.9936018476883,7.0785347035558255
2026-04-03 07:37:46.625348+00:00,4749,1.503232371949966,2.281152290104363,581.9487146257302,2915.984870031839,7.152161647307774
2026-04-03 07:41:47.298011+00:00,4672,1.5036240900161266,2.2197077712190305,582.1431560244936,2873.002193271822,7.2503936762586605
2026-04-03 07:45:46.833134+00:00,4566,1.5034127061022349,2.3453956950734978,582.0382224767018,2951.878664988347,7.157671202114402
2026-04-03 10:52:58.830104+00:00,4486,1.5026579282608143,2.2624832992866106,581.6636676628868,2903.8199561247575,7.321640816519842
2026-04-03 10:56:58.403080+00:00,4444,1.5031657105118257,2.337399707190441,581.9156304397331,2947.915085528365,7.247392893519573
2026-04-03 11:00:58.429008+00:00,4350,1.5010215487690588,2.341451563704983,580.8522982368706,2949.941479895363,7.250063259861173
2026-04-03 11:04:58.490027+00:00,4289,1.5035089795591707,2.216439433364515,582.0860118757008,2870.4789035183485,7.377033362141121
2026-04-03 11:08:58.249945+00:00,4167,1.5019960087445061,2.2868242944540915,581.3353553832785,2919.52612375214,7.308365060584898
2026-04-03 11:12:58.432427+00:00,4037,1.5038419170786872,2.206388146303357,582.2513042032637,2862.568902651188,7.411139279334877
2026-04-03 11:16:57.915986+00:00,3951,1.5024376023844366,2.2116973962680584,581.5543691553258,2866.7752990630306,7.40679529409026
2026-04-03 11:20:58.253214+00:00,3915,1.5026966555001549,2.195343268103392,581.682881072837,2853.6159230204785,7.4204682940577475
2026-04-03 11:24:58.249055+00:00,3891,1.502563417557667,2.3534488441032684,581.6167810619002,2955.7257716811437,7.246064398999911
2026-04-03 11:28:58.175049+00:00,3867,1.5018444985508261,2.334077099499049,581.2602275654082,2946.2259469162263,7.250626147577421
2026-04-03 11:32:58.241660+00:00,3818,1.5034534186315283,2.3314127118635506,582.0584314699506,2944.8535602372212,7.246349901449966
2026-04-03 11:36:58.203610+00:00,3782,1.5025036277603125,2.1651453620657928,581.587121037923,2827.7420992748375,7.4252405851922685
2026-04-03 11:40:57.856284+00:00,3734,1.501558200863486,2.276925688946813,581.1182856821653,2913.2991632578614,7.280069833821029
2026-04-03 11:44:58.235641+00:00,3677,1.5022553665005476,2.2182571030601417,581.4639788745682,2871.885172762156,7.340276763257247
2026-04-03 11:48:58.521246+00:00,3649,1.502586129042105,2.200720595738688,581.6280479094023,2858.008931084606,7.350291241549822
2026-04-03 11:53:00.234323+00:00,3577,1.503276924097636,2.229954457351212,581.9708267897119,2880.757894011318,7.304676256059878
2026-04-03 11:57:00.155959+00:00,3529,1.5030364615983371,2.249972520965204,581.8514883603483,2895.2307500901143,7.271867015178379
2026-04-03 12:00:59.967145+00:00,3505,1.5022288110637134,2.2429154724059024,581.4508081487255,2890.231054949142,7.270203096102855
2026-04-03 12:04:58.498344+00:00,3468,1.5031189988669118,2.1724026570189365,581.8924482859561,2834.146743348463,7.348000656262852
2026-04-03 12:09:00.734603+00:00,3441,1.5054673151885196,2.2147566183520695,583.0588109805857,2869.1703668532646,7.271992980718055
2026-04-03 12:12:59.577659+00:00,3408,1.5024485753410135,2.2768068244734674,581.5598121852263,2913.223054562375,7.192192671225468
2026-04-03 12:17:00.689934+00:00,3384,1.4993810691384906,2.3220429072632656,580.0398229593766,2939.9009783203464,7.127990448351352
2026-04-03 12:20:58.966176+00:00,3372,1.5013905763847468,2.262581145523637,581.0351932379588,2903.885749675809,7.1723513143991
2026-04-03 12:25:02.364423+00:00,3348,1.5019704617968088,2.199087178153235,581.3226871227147,2856.6813621703623,7.225921429032822
2026-04-03 12:29:01.109352+00:00,3336,1.5041724399828302,2.338226342214347,582.4154356995334,2948.3314852103804,7.0589028814509485
2026-04-03 12:32:59.281842+00:00,3336,1.504218818047013,2.2808981675326665,582.4384692047831,2915.8245241102286,7.094470999486797
2026-04-03 12:36:59.550262+00:00,3336,1.5021560224817319,2.212241365617728,581.414708373774,2867.202706122568,7.150047356680006
2026-04-03 12:40:58.065247+00:00,3336,1.5030053105505115,2.1452376466106857,581.8360299608792,2809.567412620324,7.219738274976688
2026-04-03 12:44:58.105603+00:00,3322,1.502607464814261,2.106615429817601,581.6386324477986,2771.7746537708854,7.25979138898664
2026-04-03 12:48:58.074966+00:00,3281,1.5012268724707192,2.3222600753651355,580.9540535995573,2940.017993475094,6.973296798797117
2026-04-03 12:52:58.002373+00:00,3258,1.5028279194399259,2.2796712077989696,581.7480077708317,2915.0483026700294,6.993707795676202
2026-04-03 12:56:57.950222+00:00,3227,1.50316059134604,2.202328900809427,581.9130898525144,2859.3102482617223,7.0647459296632835
2026-04-03 13:00:58.097616+00:00,3203,1.5014362109514996,2.241548091041791,581.0578136016242,2889.2494022640276,6.996371947265021
2026-04-03 13:04:58.163205+00:00,3215,1.5029953364358692,2.15295183721558,581.8310804760179,2816.7154472233433,7.085644257561034
2026-04-03 13:08:57.873808+00:00,3203,1.5040642595228657,2.2850906702584965,582.3617111422668,2918.451404218129,6.8989153335738385
2026-04-03 13:12:57.799787+00:00,3167,1.5006462121712354,2.1616695014432135,580.6663246058376,2824.6328146378564,7.030801532341138
2026-04-03 13:16:58.162008+00:00,3167,1.5029287630002013,2.1562014359882897,581.7980454210192,2819.686635557615,7.012709411037426
2026-04-03 13:20:57.696213+00:00,3179,1.5036405971521347,2.2894013631904873,582.1513510184416,2921.111270416147,6.821031096378981
2026-04-03 13:24:58.480885+00:00,3227,1.5039271738448083,2.162953253203654,582.2936375009313,2825.7843305515426,6.9386204104245435
2026-04-03 13:28:58.183908+00:00,3286,1.5013514659769238,2.2069573284169355,581.0158073729559,2863.022875321184,6.840711801838382
2026-04-03 13:32:58.037744+00:00,3312,1.5022168714556974,2.2777664438326597,581.4448865291029,2913.8365930631317,6.726911309365047
2026-04-03 13:36:58.265928+00:00,3348,1.5027253130137426,2.2211257658951786,581.697099010632,2874.089497558458,6.756563037390523
2026-04-03 13:40:58.274404+00:00,3372,1.503945595844086,2.2789786856347285,582.3027850700106,2914.6086974537884,6.65915911588435
2026-04-03 13:44:57.959728+00:00,3372,1.5050315176200302,2.1415995980602722,582.8422145340309,2806.1500933847874,6.80554884182382
2026-04-03 13:48:57.894015+00:00,3384,1.5029390167257355,2.200120198154444,581.8031334225329,2857.5216496213243,6.692457712664549
2026-04-03 13:52:57.868399+00:00,3409,1.5042034592306373,2.252502658904083,582.4308412192541,2896.9960951592093,6.5958114232619485
2026-04-03 13:56:58.076659+00:00,3433,1.5024466199987834,2.2217784136918084,581.5588422534149,2874.588427322138,6.5986208969729905
2026-04-03 14:00:58.335765+00:00,3445,1.5022302607325502,2.207700202403988,581.451527136103,2863.6142904529797,6.5850879344494295
2026-04-03 14:04:58.526913+00:00,3469,1.5039494981886932,2.178573665074326,582.3047228208516,2839.499883816614,6.590213067749919
2026-04-03 14:08:57.932921+00:00,3493,1.5046087855905221,2.1832596538430415,582.6321746974572,2843.5078191457596,6.549921779102437
2026-04-03 14:12:58.464926+00:00,3517,1.504898817417434,2.1704200628826995,582.776274067212,2832.4087985041915,6.5337276345978985
2026-04-03 14:16:59.500525+00:00,3493,1.5017735581591412,2.2356561999647413,581.2250537996985,2884.9716518260757,6.42403078034164
2026-04-03 14:20:58.288459+00:00,3469,1.5014254788805594,2.126979391554826,581.0524938119493,2792.1178516416276,6.5479627515474155
2026-04-03 14:24:58.308097+00:00,3433,1.5046332113859255,2.190182475978755,582.6443092823004,2849.338880647011,6.4326967456918585
2026-04-03 14:28:59.535478+00:00,3385,1.5000714841042673,2.2169562245414385,580.3816496300175,2870.8794805066964,6.376901654825853
2026-04-03 14:32:58.027356+00:00,3337,1.5023613124620687,2.1780320710727192,581.5165274208439,2839.0334853039503,6.40679570560298
2026-04-03 14:36:57.599002+00:00,3300,1.5018655748352434,2.2314944274798254,581.270677973462,2881.903158507117,6.31435272894769
2026-04-03 14:40:57.805373+00:00,3264,1.5042951790119117,2.1494172752721634,582.4763952365047,2813.456843919029,6.400568795162817
2026-04-03 14:44:58.090027+00:00,3216,1.5027661012381472,2.2416189171137146,581.7173358837098,2889.3003516847484,6.256934297117276
2026-04-03 14:48:57.868926+00:00,3180,1.5032405681418546,2.2678612119076296,581.9527825158987,2907.404345694432,6.2037656557622665
2026-04-03 14:52:58.315689+00:00,3156,1.502805678446273,2.148291706430037,581.7369724668048,2812.4132763048256,6.330073643513339
2026-04-03 14:56:58.020563+00:00,3132,1.5022773009133013,2.1455080686014343,581.4748578903018,2809.8202432551234,6.307732361365464
2026-04-03 15:00:59.644604+00:00,3156,1.5032821799373226,2.0894581414030005,581.9734354182926,2753.9135876122655,6.361991665721858
2026-04-03 15:04:59.169748+00:00,3132,1.5014481956259484,2.197637364113555,581.0637543424109,2855.498009709878,6.171999894098992
2026-04-03 15:08:57.891288+00:00,3083,1.5013180907308943,2.3073878528118126,580.9992646743453,2931.760304020023,6.027365923272177
2026-04-03 15:12:59.857330+00:00,3047,1.5020456358675425,2.1594762061487427,581.3599652031853,2822.65690046068,6.178265358019309
2026-04-03 15:16:57.957447+00:00,3023,1.5023244471203123,2.174445234966785,581.4982419978481,2835.9280584636945,6.130107170790734
2026-04-03 15:20:57.845474+00:00,3023,1.5016774095967538,2.068212449568321,581.1773840561814,2730.882283126228,6.2676286722532595
2026-04-03 15:24:57.894297+00:00,3023,1.502681075576875,2.131714942249363,581.6751514780747,2796.7154030302045,6.130384928301203
2026-04-03 15:28:58.247235+00:00,3023,1.5051979050980644,2.2279130632582995,582.9249032716482,2879.231532971742,5.96630366924278
2026-04-03 15:32:58.315148+00:00,3008,1.5022126456085418,2.238945904096719,581.4427906714719,2887.3697007419505,5.924627460955333
2026-04-03 15:36:57.743523+00:00,3011,1.5036167466002797,2.226650689059941,582.1395104043052,2878.2829764504195,5.907261677918042
2026-04-03 15:40:58.234671+00:00,3011,1.502163635469067,2.2452308088136617,581.4184839781983,2891.883697869177,5.853997869330508
2026-04-03 15:44:57.594654+00:00,3000,1.5039258207095418,2.15545354988743,582.2929655970389,2819.0049211072983,5.9418717616653485
2026-04-03 15:48:58.864630+00:00,2999,1.5011355058165488,2.142461767572165,580.9087718531788,2806.962634389981,5.930082771874526
2026-04-03 15:52:57.576382+00:00,3011,1.5035926469777943,2.2819286371033085,582.127546338877,2916.4738321043733,5.720454071704232
2026-04-03 15:56:57.455257+00:00,3035,1.502931815470587,2.1199995620759893,581.7995600836588,2785.2498056649993,5.895675996481058
2026-04-03 16:00:58.022409+00:00,3035,1.5029980569109336,2.1603206984950463,581.8324304621174,2823.4189699723065,5.803125752267261
2026-04-03 16:04:57.984802+00:00,3035,1.5009787931135676,2.158754401779745,580.8311110014756,2822.0042778451125,5.774290518787255
2026-04-03 16:08:59.348471+00:00,3047,1.5019324400782732,2.140025377629666,581.3038332705008,2804.6621915891974,5.768885424102089
2026-04-03 16:12:57.807779+00:00,3059,1.5041215295344623,2.1487631117665993,582.3901520587096,2812.850683785604,5.72252242570156
2026-04-03 16:16:57.847700+00:00,3059,1.500644010999089,2.1481639298107216,580.6652341014774,2812.294629183747,5.6925781215185465
2026-04-03 16:20:57.818675+00:00,3047,1.5019848998867102,2.177474914517633,581.3298466777269,2838.552999077261,5.621889724771681
2026-04-03 16:24:57.554275+00:00,3023,1.5030156442762599,2.149554016789997,581.8411579329166,2813.5834299949893,5.635944131411429
2026-04-03 16:28:58.028323+00:00,3011,1.5048237883680449,2.2234963355085346,582.7389938511632,2875.897164506783,5.507532117309501
2026-04-03 16:32:57.993786+00:00,3023,1.5039086805984903,2.140805574292427,582.2844546717881,2805.4003021045237,5.588273649763367
2026-04-03 16:36:58.169980+00:00,3023,1.5040988526407773,2.1472717092277827,582.3788903285905,2811.465137141393,5.5483239849185315
2026-04-03 16:40:58.233961+00:00,3011,1.5018874317451356,2.1704427939568607,581.2815156067488,2832.42877450977,5.486834733068277
2026-04-03 16:44:59.020975+00:00,3011,1.5026722901507095,2.062467420439395,581.6707928425055,2724.4806760261854,5.630517159235657
2026-04-03 16:48:57.395917+00:00,3023,1.5015436759328598,2.112426130283258,581.1110852045178,2777.674175651271,5.513028809850776
2026-04-03 16:52:58.108621+00:00,3020,1.5020612841444834,2.1945223476992366,581.3677252748319,2852.9395711619727,5.363059974599272
2026-04-03 16:56:58.192160+00:00,3021,1.502559164418415,2.172915537062986,581.6146711592445,2834.594900749409,5.363037589634687
2026-04-03 17:00:57.673397+00:00,3026,1.5015103833153647,2.155948871089998,581.0945812525324,2819.4565573214495,5.3573079224699285
2026-04-03 17:04:57.890471+00:00,3036,1.5039962744339397,2.1748125416260318,582.3279504746362,2836.247391783131,5.299510604527067
2026-04-03 17:08:57.721789+00:00,3036,1.5024620537389564,2.081805755484285,581.566498072228,2745.7345956403897,5.416338752615152
2026-04-03 17:12:57.985438+00:00,3023,1.5019643615991056,2.160516226008805,581.3196621804257,2823.5951860762134,5.265128779355571
2026-04-03 17:17:04.026611+00:00,3023,1.5013382459623408,2.10958025479934,581.0092547245949,2774.794251981716,5.30833434165316
2026-04-03 17:20:57.804858+00:00,3036,1.5039008253687225,2.170985178467183,582.2805541899994,2832.905077114967,5.191485242130714
2026-04-03 17:24:57.343002+00:00,3058,1.5031710253015484,2.244613876964837,581.9182681226071,2891.4445176498275,5.065484671022589
2026-04-03 17:28:57.415928+00:00,3084,1.5020281807837683,2.0703909765450335,581.3513092252849,2733.2904458460544,5.287395336825868
2026-04-03 17:32:58.289915+00:00,3084,1.5009248342971102,2.2390262590450325,580.8043730260501,2887.427972542436,5.0123643545930445
2026-04-03 17:36:57.766607+00:00,3120,1.5033201010387456,2.1065660135286657,581.9922570648772,2771.724157661375,5.164688568839493
2026-04-03 17:40:57.679493+00:00,3097,1.502167364582975,2.1743271501445447,581.4203334117987,2835.8253322942955,5.039314071972954
2026-04-03 17:44:57.352840+00:00,3108,1.5034972954066597,2.0840532540993038,582.0802117818678,2748.1503679955395,5.151860837895243
2026-04-03 17:48:57.853832+00:00,3123,1.5023687453393728,2.1222041657106567,581.5202142279055,2787.4308970770953,5.059836462743793
2026-04-03 17:52:58.104206+00:00,3133,1.5040454569841561,2.0722799543662944,582.3523738427056,2735.369929893289,5.11592402653987
2026-04-03 17:56:57.566086+00:00,3133,1.502275994624876,2.2161055108815373,581.4742099935664,2870.2197540782454,4.873695014652672
2026-04-03 18:00:57.818793+00:00,3145,1.50423879486084,2.2630872102150374,582.4483908497756,2904.225694165847,4.791671084184472
2026-04-03 18:04:57.643319+00:00,3157,1.5032930697975335,2.105968760833264,581.978840408186,2771.1134213659443,4.97867579065006
2026-04-03 18:08:57.618150+00:00,3169,1.5007142525757016,2.118428661927486,580.7000339963149,2783.6890142309494,4.931782959037745
2026-04-03 18:12:59.699180+00:00,3157,1.5019699011572298,2.211016630783927,581.3224091144066,2866.2394745384227,4.777250733639697
2026-04-03 18:16:57.587027+00:00,3163,1.5041877182496353,2.089782537089592,582.4230235156753,2754.2574077050704,4.932457780701698
2026-04-03 18:20:57.319943+00:00,3193,1.5026504008133958,2.05931439359568,581.6599331957376,2720.9358677650207,4.957038357967019
2026-04-03 18:24:57.372153+00:00,3205,1.5016832851682,2.178689409344101,581.1802970293379,2839.599472784951,4.7410144169736474
2026-04-03 18:28:59.287127+00:00,3200,1.5024197684795328,2.136963335702428,581.5455229065409,2801.752143771976,4.780208733604467
2026-04-03 18:32:57.728771+00:00,3059,1.5036890369321445,2.2138350651864624,582.1753995685827,2868.4510891908385,4.677300502044606
2026-04-03 18:36:57.482815+00:00,3000,1.5027577983517098,2.1353050514706164,581.7132164016119,2800.167403618342,4.776372472697542
2026-04-03 18:40:57.728203+00:00,2964,1.5020735196703796,2.030757145566309,581.3737930022776,2687.815632770851,4.942365318766313
2026-04-03 18:44:58.720852+00:00,2940,1.5002689099301103,2.251960993483487,580.4794259833345,2896.6193674420892,4.590145200151257
2026-04-03 18:48:57.823088+00:00,2916,1.5043100931459852,2.112201782105615,582.4838028421901,2777.447802307989,4.765658720788434
2026-04-03 18:54:10.200482+00:00,2883,1.501177614556087,2.171298774065397,580.929640786056,2833.1801647603825,4.652132244162694
2026-04-03 18:58:10.462824+00:00,2891,1.5035576363176786,2.1362341224742534,582.110165933802,2801.056029847352,4.682719105139534
2026-04-03 19:02:10.239359+00:00,2903,1.5004238040171352,2.056309843403107,580.5561476353431,2717.5372569791407,4.795617944085739
2026-04-03 19:06:10.145626+00:00,2879,1.5016153379545194,2.0235690360401746,581.1466110918536,2679.191102141018,4.84310307881327
2026-04-03 19:13:49.770664+00:00,2819,1.5012330815613206,2.204984599819092,580.9571309587693,2861.446349014911,4.529735633427403
2026-04-03 19:17:49.837740+00:00,2819,1.503296507485253,2.166774181974619,581.9805466523222,2829.1898226581934,4.564144567483212
2026-04-03 19:21:49.627800+00:00,2819,1.5015723629523245,2.242738574590897,581.1253063575215,2890.1042947147553,4.449210481815449
2026-04-03 19:25:49.179578+00:00,2831,1.5029444752054892,2.1416082443383884,581.8058419897914,2806.1582502311076,4.56538956711792
2026-04-03 19:29:49.474648+00:00,2831,1.5043521785803975,2.1419202316064987,582.5047064022431,2806.452465049507,4.548853982517368
2026-04-03 19:33:49.766579+00:00,2831,1.5024072285069463,2.107006891776936,581.5393027015764,2772.1744763989354,4.588377678896634
2026-04-03 19:37:49.890745+00:00,2832,1.5011880275153666,2.034198302945637,580.9348015038361,2691.903465918711,4.702139681516566
2026-04-03 19:41:49.927846+00:00,2853,1.5018736739223695,2.174180980093782,581.2746938437847,2835.6981305130976,4.452363646523721
2026-04-03 19:45:49.892030+00:00,2843,1.5010406610244806,2.117247047517456,580.8617693716047,2782.5113594874483,4.525620602750331
2026-04-03 19:49:49.670933+00:00,2843,1.5032533206048875,2.132002974220152,581.9591117964123,2796.9934202579425,4.48868782843784
2026-04-03 19:53:49.154254+00:00,2831,1.503080478924548,2.1390037477586454,581.8733320952358,2803.693609064706,4.467021938284032
2026-04-03 19:57:49.127216+00:00,2855,1.5026056323847403,2.2078475495578624,581.6377233852049,2863.731449165981,4.353321455863288
2026-04-03 20:01:49.829269+00:00,2843,1.5009665986070002,2.1206334310884865,580.8250682233422,2785.878029943655,4.468605653360822
2026-04-03 20:05:49.480888+00:00,2831,1.4995989731672281,2.0900406116719523,580.1476902147675,2754.5307670498396,4.509624114224949
2026-04-03 20:09:49.253230+00:00,2807,1.5018055640682144,2.130285181847511,581.2409227998536,2795.3326030215903,4.4374105030618916
2026-04-03 20:13:49.388312+00:00,2807,1.5018369236402191,2.244045140318806,581.2564716796181,2891.0388910129013,4.272916845899527
2026-04-03 20:17:49.642089+00:00,2804,1.501054336986263,2.148717533443694,580.8685466122766,2812.808414326558,4.389163436407734
2026-04-03 20:21:49.775577+00:00,2805,1.5011496962034154,2.1380068093652835,580.9158044871792,2802.7461812521133,4.395575889035632
2026-04-03 20:25:49.600313+00:00,2795,1.5017703215910125,2.112376766285483,581.2234490813379,2777.624375728192,4.428795867841336
2026-04-03 20:29:49.547631+00:00,2787,1.5031644359392056,2.112625812082402,581.9149978821288,2777.8755650899793,4.421370675900503
2026-04-03 20:33:49.284454+00:00,2795,1.4997106883840075,2.067597704602672,580.2029980282132,2730.2008147850647,4.488518191555497
2026-04-03 20:37:49.562085+00:00,2795,1.501620525538426,2.098376136293442,581.149182864847,2763.2797159843976,4.427866472587787
2026-04-03 20:41:49.389133+00:00,2807,1.5032952750901982,2.140689344940534,581.9799349712671,2805.2904289764483,4.351128592912504
2026-04-03 20:45:49.731445+00:00,2819,1.4995994332563096,2.05792619666735,580.1479179862131,2719.368116389239,4.480618923043769
2026-04-03 20:49:49.480102+00:00,2825,1.5020205986756052,2.120052252857478,581.3475492898194,2785.302061533961,4.367620121258014
2026-04-03 20:53:49.473727+00:00,2844,1.5022502639505684,2.0604055452774195,581.4614481389847,2722.16512191099,4.460235285151404
2026-04-03 20:57:49.403922+00:00,2856,1.5023351258395348,2.0799779867476307,581.5035386561191,2743.761633533484,4.418473916127726
2026-04-03 21:01:49.733900+00:00,2856,1.5043904272928372,2.1057067262317566,582.5237048195731,2770.845218788476,4.370692159378443
2026-04-03 21:05:48.983573+00:00,2856,1.5021749872994459,2.132501324053127,581.4241138711902,2797.474003612496,4.3241855504986315
2026-04-03 21:09:49.384234+00:00,2844,1.5013789330570242,2.126529559688609,581.0294219318007,2791.6785149956477,4.332615330186456
2026-04-03 21:13:49.559964+00:00,2844,1.501666262638279,2.215952703758685,581.1718576833542,2870.101080708502,4.203925036898501
2026-04-03 21:17:49.449582+00:00,2856,1.5022532953335057,2.2089875740951963,581.4629516270768,2864.6362614780255,4.2083975931994
2026-04-03 21:21:49.973799+00:00,2856,1.5011022322996463,2.121338037869216,580.8922820560489,2786.5753054079223,4.332397763986113
2026-04-03 21:25:49.475748+00:00,2856,1.5003493736655629,2.1232607584331467,580.5192799956005,2788.4723605529834,4.328388270331579
2026-04-03 21:29:49.443312+00:00,2874,1.5012332302360867,2.0895653166274055,580.9572046453527,2754.027206438118,4.379969657481124
2026-04-03 21:33:49.330755+00:00,2877,1.5018587447769634,2.233785160533865,581.2672913589771,2883.596928244384,4.1712180405114605
2026-04-03 21:41:09.331159+00:00,2868,1.5041850524836078,2.2071918658456346,582.4216995807243,2863.209728298575,4.207609925375784
2026-04-03 21:45:08.352319+00:00,2868,1.5014337264064432,2.0779606334782272,581.0565820317662,2741.575335864847,4.404956330730493
2026-04-03 21:49:09.198289+00:00,2892,1.5014731822505767,2.132284838050533,581.0761402416776,2797.2653038355347,4.313227071310759
2026-04-03 21:53:08.331045+00:00,2892,1.500542484911591,2.21898915405751,580.6149378785037,2872.449444474263,4.195219595521171
2026-04-03 21:57:08.695770+00:00,2904,1.5038081083380768,2.1161340769263868,582.2345175462133,2781.399257249198,4.342772213178136
2026-04-03 22:01:08.612075+00:00,2929,1.5026415999786868,2.1123618972025113,581.655567008986,2777.609374268727,4.348123623318335
2026-04-03 22:05:08.689662+00:00,2917,1.5031666756671858,2.2000336458108727,581.9161094370291,2857.4513372988295,4.226519742316261
2026-04-03 22:09:08.646931+00:00,2917,1.5027641301452928,2.1057050709192175,581.7163579226481,2770.84352402285,4.370818732986637
2026-04-03 22:13:08.297812+00:00,2929,1.5013458850846242,2.2724767324247734,581.013041133797,2910.4289210616,4.149722513314434
2026-04-03 22:17:08.691107+00:00,2929,1.5024500558192415,2.1638782488817867,581.5605465654414,2826.6117558217384,4.290613716366446
2026-04-03 22:21:08.214772+00:00,2941,1.5010151522070014,2.116662631841848,580.8491284297552,2781.927745866692,4.366863749294183
2026-04-03 22:25:08.276655+00:00,2953,1.5027700033530618,1.977380140257455,581.7192719286012,2621.0098811380076,4.6305308761444
2026-04-03 22:29:08.547851+00:00,2953,1.503640014659676,2.1934326751163424,582.1510618375285,2852.0394632602674,4.266811519443676
2026-04-03 22:33:08.843377+00:00,2965,1.5053041849992341,2.0643179264104945,582.9777256750014,2726.5507439707717,4.474578014745277
2026-04-03 22:37:09.059331+00:00,2977,1.5011414055362677,2.168020885609946,580.9116956952244,2830.29389791997,4.314310209388489
2026-04-03 22:41:21.388831+00:00,2989,1.5036866216626434,2.1679148715071617,582.1742004578264,2830.200147785391,4.321517774264998
2026-04-03 22:45:08.440171+00:00,2989,1.5032600853199858,2.180648808375502,581.962469271002,2841.28082811862,4.313540317357772
2026-04-03 22:49:09.012686+00:00,2977,1.500810461765203,2.056608967373389,580.747701827455,2717.8765191280254,4.5245679674633905
2026-04-03 22:53:09.060075+00:00,2977,1.5025012306726175,2.1084609090965065,581.5859319364073,2773.6565415321593,4.445757565858058
2026-04-03 22:57:08.849526+00:00,2971,1.503844882994729,2.1818968434125656,582.2527768536078,2842.3472788648933,4.347831468647465
2026-04-03 23:01:08.751781+00:00,2977,1.5014565160753468,2.187099114179365,581.0678787750521,2846.7550428646064,4.351510465084027
2026-04-03 23:05:08.756715+00:00,2977,1.5027418364490086,2.2423804660424977,581.7052969609239,2889.8474690663943,4.294626983628463
2026-04-03 23:09:08.931518+00:00,2989,1.5020234789351992,2.109659896506029,581.3489775960682,2774.8750933580723,4.4901248488892485
2026-04-03 23:13:08.990312+00:00,3001,1.5026389430528329,2.071897541852239,581.6542488853589,2734.9495960031863,4.565459291393369
2026-04-03 23:17:08.480986+00:00,3001,1.5013431368364536,2.0587153272707086,581.0116789341237,2720.259845679033,4.602972397275877
2026-04-03 23:25:21.941457+00:00,2989,1.5023306089354762,2.1635004733965864,581.5012982611728,2826.274060472141,4.464034468026178
2026-04-03 23:29:08.770202+00:00,3001,1.5027995880929297,2.2224969785840774,581.7339506486893,2875.1366448022254,4.398563680341551
2026-04-03 23:33:09.090928+00:00,3001,1.5015771757892937,2.1282690284743473,581.1276922759753,2793.3748861145004,4.545847633724506
2026-04-03 23:37:08.943193+00:00,3013,1.501236149165193,2.1235508331563806,580.9586513343158,2788.7578440584284,4.56730933229971
2026-04-03 23:41:09.026298+00:00,3025,1.502150991646304,2.210201959827665,581.4122133793609,2865.5968892239334,4.458271111407765
2026-04-03 23:45:08.899855+00:00,3013,1.5016296107434766,2.1643132339718023,581.1536869271442,2827.000195011442,4.539811481698323
2026-04-03 23:49:21.585616+00:00,3025,1.5022770725750152,2.146631097941792,581.4747446383716,2810.868464554015,4.58116992544993
2026-04-03 23:53:08.420344+00:00,3037,1.5013289205675797,2.1336157240774956,581.004632524463,2798.5466609525656,4.616853225741694
2026-04-03 23:57:08.518534+00:00,3037,1.5033139502516664,2.1704571102120522,581.989204167738,2832.4413550013005,4.580933196780541
2026-04-04 00:01:08.990208+00:00,3049,1.5025664519223978,2.1474051554296856,581.6182863571829,2811.5893147093457,4.631215832851978
2026-04-04 00:05:08.365873+00:00,3049,1.5005522441219017,2.1977350356785372,580.6197724560627,2855.5778781672307,4.579939606742251
2026-04-04 00:09:08.620316+00:00,3049,1.5039941235250418,2.1206462839174947,582.3268823824037,2785.890759002583,4.711860242786184
2026-04-04 00:13:23.481088+00:00,3049,1.5012504337479624,2.183263489829975,580.9657311472291,2843.511079916747,4.6395158609133675
2026-04-04 00:17:31.424683+00:00,3049,1.501846504670347,2.1219886503295045,581.2612222676995,2787.2181604717616,4.750738051915013
2026-04-04 00:29:08.561450+00:00,3049,1.5036421172080878,2.096972196799382,582.1521056573796,2761.81704727585,4.856147893861471
2026-04-04 00:33:08.729358+00:00,3049,1.5013118400926468,2.2202629668503886,580.9961665399283,2873.428448484836,4.699008467509739
2026-04-04 00:37:07.975902+00:00,3049,1.5047416618257907,2.1676833446941357,582.6981892892995,2829.9953169959126,4.791534271114036
2026-04-04 00:41:08.304360+00:00,3049,1.4994792858747465,2.136422800491584,580.0884403660244,2801.2362579543005,4.8608425926499175
2026-04-04 00:45:08.378313+00:00,3049,1.4988080631135265,2.109417696265788,579.7562504599119,2774.62920066253,4.927059554543991
2026-04-04 00:49:08.488190+00:00,3049,1.5025463435362516,2.1538264644731457,581.608310997759,2817.517467815841,4.881902539915298
2026-04-04 00:53:24.723159+00:00,3037,1.500558815344118,2.2513340005742792,580.623027766992,2896.1824735860237,4.781836661723077
2026-04-04 00:57:08.310912+00:00,3049,1.5023824651106727,2.1952420469293012,581.5270194690331,2853.532609065175,4.872650978039765
2026-04-04 01:01:09.516177+00:00,3050,1.5012776518263555,2.245394008841877,580.9792213337992,2891.9997337345776,4.8354546959162406
2026-04-04 01:05:08.620525+00:00,3062,1.5019314763767286,2.2212058944314466,581.3033554057286,2874.150804831671,4.887065071425335
2026-04-04 01:09:08.646240+00:00,3074,1.5026434706972622,2.2578755470573753,581.6564950899256,2900.6973287535675,4.867620069156747
2026-04-04 01:13:08.143533+00:00,3086,1.5024199042772755,2.196596266688265,581.5455902666181,2854.64535025221,4.965216338514484
2026-04-04 01:17:08.547411+00:00,3098,1.5019998533661325,2.235371794602266,581.3372618798022,2884.763194004793,4.940654353108547
2026-04-04 01:21:08.285341+00:00,3098,1.5017383506092636,2.0859842441970042,581.2075977874645,2750.216894262918,5.183401343030154
2026-04-04 01:25:08.151463+00:00,3098,1.5020567029664322,2.209064220712353,581.3654534332078,2864.6969897248,5.026053007985103
2026-04-04 01:29:08.279489+00:00,3122,1.5014946397559188,2.0705828797591366,581.0867769243249,2733.5020676702734,5.259470274603061
2026-04-04 01:33:11.640257+00:00,3146,1.5037358110961303,2.2466674508210356,582.198621972762,2892.9031062676677,5.025939762209518
2026-04-04 03:50:16.681314+00:00,670,1.5012099193889297,2.3941437181265854,580.9456513543391,2972.943662730684,6.399791786173873
2026-04-04 03:54:16.494214+00:00,869,1.5028221793888523,2.2186705480310187,581.7451597158483,2872.204007573947,6.555568521626745
2026-04-04 03:58:16.326716+00:00,940,1.5028958280859914,2.3227299123551366,581.7817030319259,2940.2707907793847,6.463976636437096
2026-04-04 04:02:16.494049+00:00,966,1.5003706082036719,2.288630713513549,580.5297979200071,2920.638806013678,6.521793077163075
2026-04-04 04:06:15.928857+00:00,975,1.5028906431053504,2.22334909948677,581.7791302653666,2875.7852571243384,6.6232852732779754
2026-04-04 04:10:16.348617+00:00,970,1.5038738940000909,2.2093814433180525,582.2671816926271,2864.9481898928816,6.672635258968988
2026-04-04 04:14:16.255542+00:00,975,1.5022546281433453,2.27143158962827,581.4636126675358,2909.7482142113167,6.63055334002085
2026-04-04 04:18:16.283566+00:00,967,1.5033328865634015,2.2496779335080426,581.9986031062318,2895.0242762068483,6.68651765106459
2026-04-04 04:22:16.299066+00:00,958,1.5024489808403552,2.250687208495025,581.5600133300838,2895.730860435686,6.717746833453593
2026-04-04 04:26:19.104548+00:00,967,1.5027275099198132,2.23397004134403,581.698188979915,2883.7331164542093,6.765890094417136
2026-04-04 04:30:16.170841+00:00,992,1.5035648939671111,2.2219007213763176,582.113768826943,2874.6818217020555,6.806151133295164
2026-04-04 04:34:15.876718+00:00,1024,1.502344442824492,2.189196723543447,581.5081599246483,2848.5151429876196,6.8724707473930176
2026-04-04 04:38:17.254458+00:00,1047,1.5032282378789792,2.1523718852082454,581.9466628345189,2816.1826944353306,6.950247019283351
2026-04-04 04:42:15.835747+00:00,1069,1.5006922292087221,2.2396199344366217,580.6891227418769,2887.858045722117,6.860826144595925
2026-04-04 04:46:16.131971+00:00,1092,1.5026802165413735,2.2658923378764078,581.6747252912331,2906.0996072843036,6.856959119813286
2026-04-04 04:50:16.257719+00:00,1104,1.500437976622349,2.162020318791178,580.5631679785292,2824.9478619212196,7.014790362447171
2026-04-04 04:54:16.997266+00:00,1104,1.502071010746254,2.203523808623493,581.3725487959014,2860.2733231975617,6.987419673673757
2026-04-04 09:23:13.913307+00:00,590,1.5019761034196295,2.16964154880898,581.3254846801135,2831.7239435892607,8.284188015475578
2026-04-04 09:27:13.734922+00:00,651,1.5032938329882108,2.311808539201954,581.979219205945,2934.26662261229,8.108519722942846
2026-04-04 09:31:13.434503+00:00,662,1.5022904124842478,2.3285482690753967,581.4813610380759,2943.360384311375,8.091964816189009
2026-04-04 09:35:13.719022+00:00,672,1.5050296828323044,2.2315191945351365,582.8413027624027,2881.9215341646895,8.188453140474595
2026-04-04 09:39:13.632180+00:00,672,1.5023268962951577,2.256842543326698,581.4994567881946,2899.9907440251136,8.158441844354765
2026-04-04 09:43:13.458515+00:00,690,1.5015264252805227,2.282247956966788,581.1025335931025,2916.6745554669887,8.126721368398233
2026-04-04 09:47:13.603358+00:00,690,1.5002971849653444,2.247519301727483,580.493430467883,2893.505376070967,8.161918405093893
2026-04-04 09:51:13.295922+00:00,690,1.5027694591355405,2.2943843777022392,581.7190019132871,2924.1340988491283,8.110071679340242
2026-04-04 09:55:13.498386+00:00,693,1.502397726843733,2.3688100478721776,581.5345896259614,2962.6610654310343,8.044415261838493
2026-04-04 09:59:13.582047+00:00,691,1.503723702413767,2.3210229889436316,582.1926101900012,2939.3500092955255,8.07857911391593
2026-04-04 10:03:13.928533+00:00,608,1.5038481847755718,2.3086567102794087,582.2544162726765,2932.4841664867636,8.101007673434117
2026-04-04 10:07:14.697009+00:00,543,1.5037230105986692,2.369917426380318,582.1922667155088,2963.140593256112,8.05917604559834
2026-04-04 10:11:13.418488+00:00,490,1.5016941968258368,2.1827403784889667,581.18570680979,2843.066106100742,8.25689121266859
2026-04-04 10:15:13.819274+00:00,406,1.5013075691378999,2.279047854201443,580.9940496451549,2914.652653183224,8.151747917674742
2026-04-04 10:19:13.282974+00:00,415,1.5022907756273005,2.1584076796930267,581.4815411525736,2821.690372447789,8.293121995408491
2026-04-04 10:23:13.570485+00:00,423,1.5017066663712582,2.361435595961008,581.1918890100039,2959.39762872102,8.063275017593563
2026-04-04 10:27:13.575661+00:00,415,1.502958726649777,2.3001801928285226,581.8129137867302,2927.5799998930943,8.108470909393219
2026-04-04 10:31:13.602950+00:00,378,1.5024373181195485,2.2508219808444148,581.5542281490066,2895.825040580442,8.158494293450397
2026-04-04 10:35:13.817499+00:00,375,1.5036531536787132,2.2272964762230663,582.1575847891813,2878.768671423346,8.177955096972838
2026-04-04 10:39:13.536297+00:00,369,1.5021642436640177,2.2198595240260968,581.4187856088222,2873.118771114,8.179114831877675
2026-04-04 10:43:13.774388+00:00,375,1.5005712393943444,2.236411284546387,580.6291825449738,2885.524219393269,8.148462127609754
2026-04-04 10:47:13.377735+00:00,374,1.503615782562404,2.157634315160612,582.1390318115302,2820.9892350979635,8.242312396169902
2026-04-04 10:51:13.572135+00:00,381,1.5058799704229884,2.2213886886647978,583.2639661144054,2874.2906089741573,8.144680062323568
2026-04-04 10:55:13.471800+00:00,375,1.5035573890671774,2.219251769694579,582.1100431922982,2872.6515783826417,8.137314666209823
2026-04-04 10:59:13.686492+00:00,375,1.5009202714859093,2.1983585085853687,580.8021120822967,2856.087203654807,8.152305827678108
2026-04-04 11:03:13.398035+00:00,369,1.501003186381861,2.21654636452736,580.8431988202344,2870.5618374796286,8.118014181556832
2026-04-04 11:07:13.464941+00:00,375,1.5047099736637561,2.23209241508994,582.6824456548259,2882.3464451088767,8.08528464605926
2026-04-04 11:11:13.247730+00:00,369,1.502621025433897,2.2610188976976,581.6453598651467,2902.832703231479,8.04032374388627
2026-04-04 12:36:12.628344+00:00,335,1.5027197482705554,2.2739402055107774,581.69433813577,2911.3779752542378,7.644004521958281
2026-04-04 12:40:12.542263+00:00,385,1.5020399042465076,2.2001571556356114,581.3571228801017,2857.5516675686395,7.698158061607562
2026-04-04 12:44:12.519576+00:00,397,1.5039171002496805,2.104139615674618,582.2886354384076,2769.2380087579686,7.814544455734931
2026-04-04 12:48:13.267106+00:00,415,1.502975242370629,2.2085954449361176,581.8211092421237,2864.3253658012354,7.63456338925588
2026-04-04 12:52:12.202426+00:00,423,1.5012731125640622,2.173124139837544,580.9769715063964,2834.777010376245,7.656499813563127
2026-04-04 12:56:12.636258+00:00,432,1.5021123786825574,2.2186189532035065,581.3930639426309,2872.1642403012083,7.5702793009340175
2026-04-04 13:00:12.372899+00:00,440,1.5023640568003993,2.129773872149382,581.5178886473248,2794.836975275807,7.6683451995271845
2026-04-04 13:04:12.842248+00:00,449,1.5021379537594386,2.1670900888516833,581.4057474055309,2829.4699178486408,7.58587796071703
2026-04-04 13:08:13.024147+00:00,459,1.5035954995552725,2.16379521967742,582.1289624677371,2826.537563029853,7.5632942951241615
2026-04-04 13:12:12.111874+00:00,468,1.5016534627629146,2.232555173716629,581.1655118901192,2882.6889368599705,7.445584902551156
2026-04-04 13:16:12.640704+00:00,473,1.5021808316904715,2.1640297883441044,581.4270123899319,2826.7471278169105,7.508542899830922
2026-04-04 13:20:12.117356+00:00,476,1.504663893321105,2.161931641799884,582.6595521717206,2824.8682526645407,7.484651706929237
2026-04-04 13:24:12.515328+00:00,476,1.5047761167311569,2.1899349972308073,582.71530792004,2849.1322813337756,7.418997804852337
2026-04-04 13:28:04.218968+00:00,485,1.5049661305940107,2.224634953792618,582.8097221027451,2876.760935940106,7.34595334500679
2026-04-04 13:32:03.791072+00:00,485,1.5031826121566174,2.1604706035071826,581.924018609594,2823.5540771749147,7.404293385247442
2026-04-04 13:36:04.103944+00:00,485,1.5036837521839976,2.1131201506936415,582.1727758481209,2778.373746799971,7.4494582732904115
2026-04-04 13:40:04.120877+00:00,485,1.5017147282425887,2.145754228478938,581.1958859848123,2810.05024759152,7.370790115204634
2026-04-04 13:44:04.029814+00:00,485,1.5018275382599422,2.2000975016785373,581.2518181318616,2857.503213362709,7.266503174219349
2026-04-04 13:48:03.841141+00:00,485,1.5008769878260542,2.2168949691005975,580.780664714317,2870.8320312383885,7.2168368366753715
2026-04-04 16:04:17.036619+00:00,413,1.5030919826435478,2.247486420162364,581.8790409619477,2893.48215854287,6.152997818089552
2026-04-04 16:08:03.914462+00:00,497,1.5033513835686056,2.086104798916926,582.007784116984,2750.3456336159024,6.336291604357635
2026-04-04 16:12:03.847460+00:00,516,1.5032011446292326,2.1114206717731316,581.933216261609,2776.6587610477663,6.25946972592189
2026-04-04 16:16:03.649293+00:00,516,1.502087214669837,2.2078245608477407,581.3805845595091,2863.713173578967,6.088664163583714
2026-04-04 16:20:03.799903+00:00,516,1.5020201967122433,2.108199458672462,581.3473499584373,2773.3903970993742,6.203157285143247
2026-04-04 16:24:03.732744+00:00,535,1.5036134756289206,2.1770046114914905,582.137886544869,2838.146873066362,6.064853592194484
2026-04-04 16:28:03.599428+00:00,543,1.5012554497989443,2.1971963496100546,580.9682172500201,2855.1371150578016,6.005547987312478
2026-04-04 16:32:03.607989+00:00,535,1.5027078752967127,2.1427950468222265,581.688447550199,2807.2762829140247,6.053660309939749
2026-04-04 16:36:03.977696+00:00,543,1.503932624555439,2.193186409265491,582.2963440761447,2851.8356703936333,5.950312480176199
2026-04-04 16:40:03.598253+00:00,543,1.5030923199829367,2.251480735196357,581.8792083715961,2896.2847984420896,5.848803770464626
2026-04-04 16:44:03.556620+00:00,543,1.502937313801343,2.193901868868483,581.8022884118425,2852.4273599878243,5.889440392823954
2026-04-04 16:48:03.810337+00:00,543,1.5030590001407746,2.1901945277977566,581.862673098367,2849.348938198553,5.864685954661695
2026-04-04 16:52:03.692636+00:00,543,1.5030075991183418,2.2324924236107826,581.8371656286174,2882.6425230745144,5.781635152573307
2026-04-04 16:56:03.798860+00:00,552,1.502271251492676,2.2274548376142715,581.4718574860076,2878.8876319664205,5.756649010476654
2026-04-04 17:00:03.662976+00:00,561,1.5004127548302373,2.240919883726103,580.5506745129312,2888.797003237797,5.709894239789128
2026-04-04 17:04:03.793554+00:00,570,1.50018174269826,2.118050121084869,580.4362542202052,2783.31208250053,5.848881749649443
2026-04-04 17:08:03.671981+00:00,570,1.5027421314446023,2.132935764296503,581.7054433211295,2797.8925017610427,5.796739647609868
2026-04-04 17:12:03.463826+00:00,570,1.502129156755752,2.108656807259516,581.4013846768369,2773.8558564158748,5.806913943786698
2026-04-04 17:16:04.349688+00:00,579,1.5045861724855012,2.1258706583779827,582.6209408302599,2791.034168290699,5.7493639558682474
2026-04-04 17:20:03.362993+00:00,579,1.5025753463968428,2.0675109116753316,581.6226987687547,2730.10453328115,5.819335981964111
2026-04-04 17:24:03.797880+00:00,579,1.5049924671560209,2.079401558053452,582.8228092139329,2743.1378620831456,5.770642560326927
2026-04-04 17:28:03.582265+00:00,579,1.5013966553096871,2.1317595516824404,581.0382064275046,2796.7584735795654,5.656953998156252
2026-04-04 17:32:03.658004+00:00,579,1.50412796791422,2.043552713530781,582.3933494997713,2702.8816876941128,5.780683680647506
2026-04-04 17:36:03.688776+00:00,587,1.5029971724468383,2.1031042566909375,581.8319915626718,2768.1731379376406,5.64727274881721
2026-04-04 17:40:06.275842+00:00,587,1.5040240388621529,2.070872426921163,582.3417377993017,2733.8212104537324,5.675862349850044
2026-04-04 17:44:03.295136+00:00,583,1.5013780786675377,2.193561090424645,581.0289984341571,2852.1456771265166,5.460024501156177
2026-04-04 17:48:18.010715+00:00,587,1.5014503831449584,2.2038479225457186,581.0648386895555,2860.534001773828,5.419739930560575
2026-04-04 17:52:03.638104+00:00,597,1.5017458909317964,2.167503494107045,581.2113362667105,2829.8361210498997,5.441479643748279
2026-04-04 17:56:03.928027+00:00,588,1.5041958439677712,2.1805269304085915,582.427059114672,2841.1764958619933,5.3995251279450445
2026-04-04 18:00:03.669227+00:00,594,1.5029884373210716,2.2206728516268313,581.8276569276868,2873.742697104436,5.32094561743083
2026-04-04 18:04:03.616213+00:00,606,1.503890826837463,2.185671947663675,582.2755894916274,2845.551873983607,5.3392562409529765
2026-04-04 18:08:03.313503+00:00,599,1.5010681069160965,2.1664233748583506,580.8753704848092,2828.878521524891,5.342967278952467
2026-04-04 18:12:03.292408+00:00,605,1.5043662029268619,2.044393382253808,582.5116723396588,2703.8586836239356,5.518780534639967
2026-04-04 18:16:03.591263+00:00,610,1.5038737540012015,2.033900359860275,582.2671121782573,2691.5505814555945,5.5139187388159865
2026-04-04 18:20:03.605802+00:00,614,1.5016183229075422,2.13431699909126,581.1480908974474,2799.2202413375862,5.316706701239494
2026-04-04 18:24:03.678371+00:00,614,1.501466906703476,2.193352245757505,581.0730294253242,2851.972920337904,5.20891438949823
2026-04-04 18:28:04.518774+00:00,614,1.5022764890933844,2.1442306515591323,581.4744552414272,2808.624482877187,5.256012136314576
2026-04-04 18:32:03.686556+00:00,614,1.5030066383965914,2.1465589009314905,581.8366888845212,2810.8011617844386,5.230298310680387
2026-04-04 18:36:03.638472+00:00,614,1.5021153522733914,2.0606600705214677,581.3945386256738,2722.4514775944026,5.3505250323707365
2026-04-04 18:40:03.574206+00:00,614,1.5030844406797743,2.093727252643577,581.8752981614366,2758.419459853915,5.271269900301836
2026-04-04 18:44:03.588328+00:00,614,1.500913804342205,2.2183810221202425,580.7989075245387,2871.9807751577046,5.067663436924541
2026-04-04 18:48:03.726378+00:00,614,1.5039118862767538,2.111526293483557,582.2860464441811,2776.765535114303,5.2001413080492815
2026-04-04 18:52:03.731938+00:00,623,1.5037386595462883,2.114819102262685,582.2000361937562,2780.081731458332,5.172921588621596
2026-04-04 18:56:03.538510+00:00,623,1.5033746317957468,2.0790341570853688,582.0193235702867,2742.739897533793,5.213189846744405
2026-04-04 19:00:03.558539+00:00,623,1.5010618914418308,2.2292594314869603,580.8722903154729,2880.239267964029,4.972775225335451
2026-04-04 19:04:03.932416+00:00,623,1.5034633520539595,2.075867187949922,582.0633623355287,2739.2969316840645,5.180477825618882
2026-04-04 19:08:03.752495+00:00,631,1.5009607889117957,2.1760753179139414,580.8221893467781,2837.34293259916,5.002866476839306
2026-04-04 19:12:03.381700+00:00,640,1.5039557668368764,2.0442650695672464,582.3078355960088,2703.7096654950255,5.198010206511928
2026-04-04 19:16:03.270695+00:00,640,1.5007753640787185,2.013320459927794,580.7303119483688,2666.694306046098,5.239956646725985
2026-04-04 19:20:03.517949+00:00,640,1.5020361003138218,2.139093049342441,581.3552365080411,2803.77836701504,5.002440972763683
2026-04-04 19:24:03.399604+00:00,640,1.5032816871879737,2.102367422606841,581.973190851821,2767.413838128253,5.044260645890744
2026-04-04 19:28:03.214777+00:00,640,1.5010175657873563,2.1955870292374353,580.8503244743662,2853.816465718597,4.889161175036995
2026-04-04 19:32:03.495749+00:00,640,1.499973140922879,2.168987255422208,580.3329495764297,2831.1473146392327,4.9099011695738435
2026-04-04 19:36:03.295067+00:00,649,1.5016337344792936,2.2030806637717806,581.1557313112088,2859.916529396939,4.846720715217054
2026-04-04 19:40:03.737088+00:00,649,1.5016811276309494,2.1249325385960853,581.1792273706183,2790.115092248335,4.944199684450765
2026-04-04 19:44:03.312692+00:00,656,1.5016981476777895,2.1212895776369463,581.1876655728823,2786.527385021691,4.934387842242289
2026-04-04 19:48:03.430711+00:00,657,1.5023959844451444,2.1204141674937285,581.5337253536801,2785.6608207894587,4.921821189808767
2026-04-04 19:52:03.596056+00:00,657,1.5021509105930957,2.2647620606796677,581.4121731818739,2905.346667690962,4.716111939613282
2026-04-04 19:56:03.198996+00:00,657,1.502302149345658,2.101903251201244,581.4871824003628,2766.934889762336,4.925874365259959
2026-04-04 20:00:03.139113+00:00,667,1.5011817743401157,2.2043200261730296,580.9317023925694,2860.913284460312,4.760616996758557
2026-04-04 20:04:03.109172+00:00,658,1.5016819443641285,2.0231905916855175,581.1796322884747,2678.7338238486645,5.043453442580607
2026-04-04 20:08:03.653259+00:00,676,1.5027269074455178,2.0024733636808807,581.6978900691654,2653.2113155142297,5.069841781088995
2026-04-04 20:12:03.150481+00:00,667,1.5010810720039751,2.126752362467916,580.8817955669527,2791.8961761406035,4.837812083297572
2026-04-04 20:16:03.401537+00:00,676,1.5008291508363165,2.0761793586859283,580.7569618899497,2739.6373061248987,4.9099123010980765
2026-04-04 20:20:03.318212+00:00,675,1.5021428303004372,1.9975843688953427,581.4081658570171,2647.0480760257797,5.049258812501719
2026-04-04 20:24:03.355417+00:00,681,1.504891375781504,2.242608963394586,582.7725764016413,2890.011374294184,4.648304634468794
2026-04-04 20:28:03.071396+00:00,684,1.5048144097739784,2.203015306140254,582.7343339797317,2859.8638700947204,4.687552099644931
2026-04-04 20:32:03.165042+00:00,693,1.4993556090041489,2.196704577837702,580.0272207032584,2854.734170348229,4.6859743778407
2026-04-04 20:36:03.286562+00:00,684,1.501646731876468,2.142633116367969,581.1621749417473,2807.1239215317255,4.75661703974123
2026-04-04 20:40:03.375681+00:00,684,1.5020062452570075,2.181647332569888,581.3404315444277,2842.13435002816,4.693259857507922
2026-04-04 20:44:03.448236+00:00,689,1.5020237518978652,2.084304018105175,581.3491129570301,2748.419205193288,4.836463316910107
2026-04-04 20:48:03.275917+00:00,689,1.5021120083457273,2.149856276484508,581.3928802829286,2813.8630929685605,4.725247410485558
2026-04-04 20:52:03.444656+00:00,699,1.50144322579023,2.1524027502671363,581.06129081468,2816.211066538798,4.714134410372868
2026-04-04 20:56:03.071990+00:00,699,1.501928697376,2.216987463758599,581.3019774014836,2870.9036755768984,4.621284444928874
2026-04-04 21:00:03.550201+00:00,701,1.50077228136588,2.174409498177996,580.7287845744414,2835.896973062515,4.67281995430619
2026-04-04 21:04:04.146457+00:00,701,1.5002281936656554,2.08800248520903,580.4592599037842,2752.3678654367422,4.803290559369443
2026-04-04 21:08:03.538025+00:00,704,1.5008283122815071,2.084585442541899,580.7565464001626,2748.720744792927,4.805305836455562
2026-04-04 21:12:03.472604+00:00,712,1.5021578348512932,2.234076635986735,581.4156072031575,2883.8116021432206,4.58386082189092
2026-04-04 21:16:03.021139+00:00,718,1.5029373470626424,2.0844118288572555,581.8023049164725,2748.534742824453,4.798039705199668
2026-04-04 21:20:02.942463+00:00,718,1.5049961506830216,2.07861274322739,582.8246396438878,2742.283054395948,4.806447090164161
2026-04-04 21:24:02.893771+00:00,718,1.501359883779865,2.151272751677757,581.0199797827329,2815.1709458138093,4.688160596236493
2026-04-04 21:28:03.410721+00:00,727,1.5033469761281588,2.038755211084151,582.0055964678849,2697.2758914747164,4.875471150921876
2026-04-04 21:32:03.014368+00:00,727,1.5021010231678225,2.047387410449854,581.387432467958,2707.325375458023,4.859313458764514
2026-04-04 21:36:03.046624+00:00,736,1.5017253784747093,2.180405626651631,581.2011662708727,2841.0726221007844,4.643126774510593
2026-04-04 21:40:03.277454+00:00,736,1.5029921317185853,2.1711499095063496,581.829490196837,2833.04960749113,4.6571226687384915
2026-04-04 21:44:03.386828+00:00,731,1.5020037053718622,2.164421981082042,581.3391720431231,2827.0972393084885,4.669278450191045
2026-04-04 21:48:02.975335+00:00,744,1.5012536261202472,2.279580947140771,580.9673133800728,2914.9910671333437,4.527705594702667
2026-04-04 21:52:03.061303+00:00,744,1.5013023732759565,2.1857660189366706,580.991474329471,2845.6313210213757,4.641961147882426
2026-04-04 21:56:03.201868+00:00,744,1.5010046524324252,2.2075124564114956,580.8439253121826,2863.4649393163018,4.616571839325223
2026-04-04 22:00:03.210293+00:00,744,1.5008824544636403,2.072585599983644,580.7833734373147,2735.7056487876653,4.825813492072646
2026-04-04 22:04:03.191297+00:00,753,1.5027202921295508,2.1224855602440353,581.6946079638559,2787.7085067501785,4.744880427959897
2026-04-04 22:08:03.222423+00:00,753,1.50242424448828,2.0820015710334783,581.5477431551602,2745.9455223286523,4.816941973360444
2026-04-04 22:12:03.505103+00:00,753,1.5008398687813302,2.1585850580584136,580.7622724725752,2821.8509958898703,4.700355406544644
2026-04-04 22:16:02.884568+00:00,753,1.500388569160583,2.1682929017597883,580.5386944904136,2830.534331371595,4.69238859116415
2026-04-04 22:20:03.061892+00:00,761,1.5033187633469158,2.1162407353891965,581.9915931104343,2781.5059527502553,4.776242598262385
2026-04-04 22:24:02.903579+00:00,761,1.5019460717054074,2.141642419598917,581.3105927361622,2806.1904893249266,4.74362143269538
2026-04-04 22:28:02.867035+00:00,770,1.5020152293745992,2.1854204400513213,581.3448866880996,2845.339368137382,4.686583072466663
2026-04-04 22:32:03.117654+00:00,780,1.5019776126275834,2.1653489958381757,581.3262330652014,2827.923417661362,4.720832954716085
2026-04-04 22:36:03.222257+00:00,784,1.502018414953287,2.1860970010820875,581.3464663948125,2845.910691357508,4.699819013855746
2026-04-04 22:40:02.859227+00:00,787,1.5010852567766455,2.1399077613359534,580.8838694185843,2804.5508015596824,4.77493820408726
2026-04-04 22:44:03.111642+00:00,796,1.503566706748769,2.1045826069794584,582.1146687435488,2769.692893325796,4.838996754684879
2026-04-04 22:48:02.948602+00:00,804,1.5034725702190403,2.087877421136575,582.0679381840359,2752.234841767334,4.875787815758724
2026-04-04 22:52:02.921610+00:00,804,1.5023535743518432,2.095942689165535,581.5126892344285,2760.7416666743165,4.8728551744165935
2026-04-04 22:56:02.867382+00:00,804,1.4990715130244432,2.186021904999263,579.8866140251248,2845.847326936615,4.747279495880749
2026-04-04 23:00:03.081104+00:00,813,1.5022377081427043,2.180019320610501,581.4552208145141,2840.741604223108,4.765562624240803
2026-04-04 23:04:03.481195+00:00,813,1.502241858455434,2.134954477785143,581.4572792458513,2799.8315886561286,4.84361330847213
2026-04-04 23:08:02.898569+00:00,821,1.50294008461287,2.1593525517285364,581.8036633209359,2822.5451806383862,4.818365825080256
2026-04-04 23:12:03.086546+00:00,821,1.5027805805496517,2.0597639719490184,581.724519859826,2721.4426705188926,4.994196542658634
2026-04-04 23:16:03.013423+00:00,821,1.503658849396591,2.1607002603063776,582.1604124840101,2823.7609658367437,4.843459506386234
2026-04-04 23:20:02.972761+00:00,821,1.5019601593556096,2.174013124647478,581.3175783957552,2835.551998360528,4.8387640808061905
2026-04-04 23:24:02.753237+00:00,821,1.4993764829520968,2.0972708611685755,580.0375528725685,2762.1285751426767,4.97156392060652
2026-04-04 23:28:03.084210+00:00,828,1.504384268139201,2.1845704624487845,582.5206454883538,2844.620149225355,4.852845582155877
2026-04-04 23:32:03.175166+00:00,830,1.5045623313731658,2.095993266873992,582.6090970983932,2760.794553505769,5.00295270865546
2026-04-04 23:36:03.108740+00:00,839,1.5029066362534667,2.1933973445814288,581.7870660310741,2852.0102344625648,4.8707807499532025
2026-04-04 23:40:03.027365+00:00,839,1.5003040779384138,2.164910545541332,580.4968445649896,2827.532899974317,4.926783422762227
2026-04-04 23:44:03.045261+00:00,839,1.5032359840632399,2.2140175278851606,581.9505073676287,2868.5936534927996,4.877875527444779
2026-04-04 23:48:02.814149+00:00,839,1.5021701988529796,2.2132700880138465,581.4217390556832,2868.0091802124743,4.89638259145211
2026-04-04 23:52:03.054106+00:00,838,1.5007643101473644,2.252172303111014,580.7248351360299,2896.7664112728025,4.8683538094776635
2026-04-04 23:56:03.369726+00:00,847,1.5031015718086214,2.139954066807314,581.8837997419166,2804.59465945384,5.03331996147431
2026-04-05 00:00:03.020236+00:00,856,1.5054094826670024,2.216408061398284,583.0300637578842,2870.45456710246,4.944641491292574
2026-04-05 00:04:03.065953+00:00,856,1.502423324307692,2.1484765452296375,581.5472867145396,2812.5848438358826,5.057026521569577
2026-04-05 00:08:02.952711+00:00,864,1.502225778951829,2.1712921588958833,581.4493043247388,2833.174364175442,5.0421867343451545
2026-04-05 00:12:03.258847+00:00,867,1.500943048926568,2.1625404994896154,580.8133987291385,2825.4144962897153,5.074291869250504
2026-04-05 00:16:02.739097+00:00,873,1.5017536827886313,2.1173587956934714,581.2151994768626,2782.6228671381723,5.162573663559961
2026-04-05 00:20:02.726602+00:00,873,1.5044951198700554,2.182676213396855,582.5757089853169,2843.011483175903,5.086501145799566
2026-04-05 00:24:03.130269+00:00,882,1.501912324692622,2.244684827157155,581.2938588441474,2891.49506893333,5.028279555711616
2026-04-05 00:28:02.994782+00:00,877,1.5016054937911285,2.156580163725922,581.1417308197415,2820.0313760770723,5.16594420187736
2026-04-05 00:32:02.979743+00:00,881,1.5016462490027012,2.2400474249045645,581.1619355496856,2888.1672413229935,5.0778555374995324
2026-04-05 00:36:02.877276+00:00,881,1.5026613291704096,2.0182040342920815,581.6653549059586,2672.678540189033,5.4469195370228665
2026-04-05 00:40:02.895461+00:00,881,1.5009606726279616,2.2743114148645334,580.8221317248026,2911.6179394148076,5.08572549955977
2026-04-05 00:44:02.742521+00:00,890,1.502837802685873,2.108270015237755,581.7529115914934,2773.462235508224,5.329505955837751
2026-04-05 00:48:02.729961+00:00,890,1.5013049826098386,2.2063348133914613,580.9927676379718,2862.5263277771646,5.210017139917369
2026-04-05 00:52:03.125568+00:00,890,1.5030691936758687,2.266148694212201,581.8677316916578,2906.2699820197868,5.163751209378796
2026-04-05 00:56:02.951140+00:00,890,1.5043472064993018,2.0936536766819875,582.5022367701297,2758.3421492937396,5.426005969609018
2026-04-05 02:21:26.902416+00:00,1052,1.5017511259774716,2.229696077485431,581.213931805107,2880.5652181970227,5.785746725552079
2026-04-05 02:25:26.814426+00:00,1159,1.5027901207141494,2.289620373494382,581.7292532953409,2921.245296847882,5.730279034871191
2026-04-05 02:29:26.690740+00:00,1183,1.5034259008877948,2.2163662711533227,582.0447720765499,2870.422145409748,5.83771084776064
2026-04-05 02:33:26.508891+00:00,1195,1.503223160620048,2.204078035732834,581.944142935404,2860.718934481715,5.8814328782199246
2026-04-05 02:37:26.636532+00:00,1184,1.5030359602259744,2.213613053058861,581.8512395566142,2868.277522967149,5.901866217390867
2026-04-05 02:41:26.731060+00:00,1184,1.503977095672238,2.2283611830519363,582.3184267961301,2879.5673944257405,5.914355107760564
2026-04-05 02:45:26.377635+00:00,1174,1.4994839999936471,2.2478628353574046,580.0907739442798,2893.747798771439,5.92419554617453
2026-04-05 02:49:26.700872+00:00,1072,1.5022337972740571,2.249072909799644,581.4532811457458,2894.5996103350644,5.972893202383501
2026-04-05 02:53:26.917900+00:00,1042,1.5012856576566844,2.1792069224321136,580.9831893387179,2840.044385488447,6.097217516979741
2026-04-05 02:57:26.629547+00:00,1004,1.5029079298221983,2.1925216432273515,581.7877079009625,2851.284876699204,6.117348869666091
2026-04-05 03:01:26.658908+00:00,994,1.5040781402299648,2.273965184415224,582.3686043495447,2911.394132279096,6.053715643550099
2026-04-05 03:05:26.729828+00:00,987,1.5027549171536017,2.3077119031026947,581.7117868990072,2931.9455124470305,6.053188488456195
2026-04-05 03:09:26.922051+00:00,986,1.5017841855743093,2.2166301635999464,581.2303229891255,2870.6268126842406,6.183223224155963
2026-04-05 03:13:26.543251+00:00,978,1.5031889294066956,2.204497515722575,581.9271538426442,2861.055748368766,6.23142545674568
2026-04-05 03:17:26.831367+00:00,961,1.5053121043085869,2.252675548678101,582.9816618248035,2897.11620139757,6.207995754174346
2026-04-05 03:21:26.261675+00:00,943,1.5022065449776907,2.285274105357808,581.4397650041263,2918.565439088292,6.208277504600209
2026-04-05 03:25:26.657313+00:00,943,1.502287141609293,2.2370800531654695,581.4797387262903,2886.0125544430493,6.292017334800485
2026-04-05 09:28:37.302270+00:00,814,1.5033730857254854,2.2747887992056084,582.0185561594913,2911.92608533572,8.113837637062465
2026-04-05 09:32:37.261556+00:00,836,1.5026880363906066,2.3211873291797027,581.6786049037987,2939.438944900019,8.065460274427592
2026-04-05 09:36:37.296908+00:00,863,1.5039897112501133,2.295340576653815,582.3246913524608,2924.7077916005837,8.083513789058596
2026-04-05 09:40:36.818164+00:00,871,1.501429459641764,2.3299403135330543,581.0544670343314,2944.0883252733192,8.04975100810905
2026-04-05 09:44:37.281235+00:00,880,1.5021625677198933,2.2706255748166306,581.4179544347332,2909.221580936417,8.102471671845361
2026-04-05 09:48:37.120194+00:00,880,1.4999261637207044,2.2519132868595753,580.3096873982103,2896.5861560342664,8.120595637289505
2026-04-05 09:52:37.154431+00:00,898,1.5029154213303926,2.2465636003902594,581.7914252049804,2892.8295714464894,8.120508712736985
2026-04-05 09:56:36.761824+00:00,916,1.5030927057174428,2.191083179720945,581.8793997980833,2850.089644200627,8.18255394463119
2026-04-05 10:00:36.748054+00:00,924,1.5019397171088782,2.2955922599444607,581.3074416973726,2924.8584539625645,8.057004963276617
2026-04-05 10:04:37.163028+00:00,942,1.501777311316451,2.2307312344894257,581.2269146519538,2881.3362416824957,8.119219583730924
2026-04-05 10:08:36.839183+00:00,939,1.5031442034550462,2.3518611731912635,581.9049567784572,2954.978819104669,7.996466405048852
2026-04-05 10:12:37.195489+00:00,942,1.5060719984784303,2.2059343338043735,583.3594546676566,2862.2064272270527,8.139607029882642
2026-04-05 10:16:37.088351+00:00,950,1.50126224225607,2.2591721639174343,580.9715838059199,2901.5808431508876,8.068799843621111
2026-04-05 10:20:37.109917+00:00,950,1.5033675659742183,2.209796703111066,582.0158163704994,2865.2766823168413,8.120638494073745
2026-04-05 10:24:36.735934+00:00,959,1.502563970548616,2.2549697767250128,581.617055390803,2898.7036561940195,8.058132827513168
2026-04-05 10:28:37.812559+00:00,968,1.499771927032585,2.195247676964903,580.2333177966835,2853.5372436840953,8.121457490481243
2026-04-05 10:32:37.620111+00:00,986,1.5038870173133967,2.19358586349598,582.2736979091114,2852.1661629838227,8.112142228243767
2026-04-05 10:36:36.618627+00:00,985,1.5029613166972235,2.2474820937813527,581.8141990176647,2893.479103523964,8.037247712396
2026-04-05 10:40:37.808026+00:00,999,1.5019140526501806,2.289629385465342,581.2947156646611,2921.2508095477515,7.980775280219431
2026-04-05 10:44:38.164290+00:00,1004,1.502668412170005,2.349521593712721,581.6688689028167,2953.8678212477807,7.917683964898568
2026-04-05 10:48:37.110777+00:00,1003,1.5020495325862564,2.3406643171294665,581.3618976007767,2949.5506455332124,7.914585546057133
2026-04-05 10:52:37.277183+00:00,1003,1.5044505573296514,2.1773849268381613,582.55357287621,2838.475329358257,8.082429152947945
2026-04-05 10:56:36.716997+00:00,1004,1.5017795973410044,2.2316843804195607,581.2280480877624,2882.044056948046,8.00093219817645
2026-04-05 11:00:36.661498+00:00,977,1.5008301475362025,2.371298708375493,580.7574557382745,2963.734878014382,7.862903311060181
2026-04-05 11:04:38.427560+00:00,960,1.5027298482383897,2.217333908818872,581.6993491111936,2871.171853963595,8.002652832597834
2026-04-05 11:08:37.191727+00:00,930,1.501944596506155,2.231919446730748,581.3098612313464,2882.2183064970222,7.977762299789556
2026-04-05 11:12:36.995782+00:00,928,1.5049000015275875,2.2151734653264183,582.7768624400585,2869.495093286694,7.985318602770429
2026-04-05 11:16:36.806037+00:00,908,1.5025409094284181,2.279621745003095,581.6056152718976,2915.016939885285,7.902121616315803
2026-04-05 11:20:37.042800+00:00,891,1.5043777549833819,2.3039850982285466,582.5174103339654,2929.801277822329,7.86728931474598
2026-04-05 11:24:36.679475+00:00,882,1.5026328513408183,2.2535622757561877,581.6512267441661,2897.731156505696,7.905797762933915
2026-04-05 11:28:36.666722+00:00,839,1.5010381935546973,2.2030966308049713,580.860546602568,2859.9293927416,7.959440771933698
2026-04-05 11:32:37.094113+00:00,830,1.505605458735175,2.294575729834578,583.1274836690901,2924.2490687777263,7.842013372721752
2026-04-05 11:36:36.554013+00:00,822,1.5019977079771047,2.252767138916589,581.3361980094032,2897.17980184353,7.870861620788438
2026-04-05 11:40:37.018836+00:00,813,1.5022012771729978,2.1622268007522605,581.4371523953761,2825.1331616262305,7.971745843951859
2026-04-05 11:44:36.894485+00:00,796,1.5043397757948767,2.185456401373755,582.4985459560453,2845.3697615534047,7.925299552463008
2026-04-05 11:48:36.713980+00:00,778,1.504291551343385,2.3145275284044566,582.4745934447146,2935.7864099739254,7.765747905892112
2026-04-05 11:52:38.090665+00:00,761,1.503489576145402,2.3233459594548216,582.0763799132855,2940.601507405646,7.743187424647869
2026-04-05 11:56:36.852576+00:00,752,1.5033947389741171,2.235738578998209,582.0293040883444,2885.031998528524,7.815761609372334
2026-04-05 12:00:36.926337+00:00,726,1.5051536026277605,2.2835924995169634,582.9028855613205,2917.517223782571,7.749519987018219
2026-04-05 12:04:38.174187+00:00,709,1.5048099548652765,2.291787333205022,582.7321205134572,2922.565605475277,7.725262304567784
2026-04-05 12:08:37.118941+00:00,717,1.5039424240768662,2.2132052770045876,582.3012100990471,2867.9584411639116,7.7917838687317165
2026-04-05 12:12:36.665567+00:00,727,1.5030310007734011,2.2157134296727907,581.8487784557173,2869.9151500848484,7.766561686188056
2026-04-05 12:16:36.852487+00:00,721,1.5001430005016885,2.259576397670167,580.4170670138017,2901.855517605578,7.695726692653739
2026-04-05 12:20:36.852365+00:00,674,1.5032481160562765,2.273950279622068,581.9565286770069,2911.3844916276494,7.6682332388922605
2026-04-05 12:24:37.573513+00:00,675,1.5022347851183289,2.1713540545881167,581.4537710851695,2833.228634267789,7.772279648185482
2026-04-05 12:28:37.418208+00:00,688,1.5049867405108026,2.2120042337079853,582.8199635205109,2867.01646859429,7.69368462291349
2026-04-05 12:32:37.118614+00:00,682,1.5026386596505965,2.271261165966561,581.6541082872309,2909.636984305056,7.604074254960495
2026-04-05 12:36:36.785952+00:00,675,1.5025208867957538,2.3173545449713675,581.5956826294497,2937.3490132028555,7.5382379057177324
2026-04-05 12:40:36.572808+00:00,665,1.5024257791229854,2.2093569053612745,581.5485043864066,2864.928766982287,7.633582913172884
2026-04-05 12:44:36.809371+00:00,693,1.5035123055678727,2.1794841153551343,582.0876629379784,2840.282445024559,7.644591890833804
2026-04-05 12:48:36.836395+00:00,696,1.5023969842866696,2.1917138627997073,581.5342212993828,2850.614255337181,7.603705876429615
2026-04-05 12:52:36.851948+00:00,706,1.5036089670000714,2.195758321957267,582.1356482618485,2853.9573088738935,7.572382532352902
2026-04-05 12:56:36.819517+00:00,710,1.5044692045698664,2.212581579600441,582.5628356698307,2867.469681687413,7.525489652259404
2026-04-05 13:00:36.884179+00:00,721,1.5029935011343227,2.1390725594637705,581.8301697425666,2803.758921233958,7.601097961730195
2026-04-05 13:04:36.821995+00:00,731,1.5037402286634869,2.264537415356565,582.2008152426345,2905.1966781040164,7.411032801455358
2026-04-05 13:08:36.557826+00:00,735,1.5036416149377099,2.088727684218641,582.151856302796,2753.1385282732444,7.6293451339713805
2026-04-05 13:12:36.784995+00:00,746,1.503658599323255,2.115570286010428,582.1602883324217,2780.8348470473875,7.55700962248208
2026-04-05 13:16:37.036637+00:00,763,1.5009653953650401,2.176974176008536,580.82447198025,2838.1205736996035,7.435659724868693
2026-04-05 13:20:36.848244+00:00,798,1.5018776981673287,2.2477248680371793,581.2766892432495,2893.6504706170517,7.313441480832507
2026-04-05 13:24:36.755139+00:00,806,1.5032678915850208,2.164346890922777,581.966343709048,2827.0302328034213,7.392406375837693
2026-04-05 13:28:36.466173+00:00,823,1.5033390364514025,2.231610711255486,582.0016555973972,2881.9894221146997,7.273913405219476
2026-04-05 13:32:36.884411+00:00,832,1.5029394732098376,2.2123844639199253,581.8033599353706,2867.315031023343,7.268606055109707
2026-04-05 13:36:36.448412+00:00,841,1.4998291188280235,2.105065581778633,580.2616351007099,2770.188333786313,7.395596609689242
2026-04-05 13:40:36.642754+00:00,858,1.5015704923850801,2.2803402080561592,581.1243790436415,2915.4719559201712,7.131068929799089
2026-04-05 13:44:36.736310+00:00,867,1.5003513617228441,2.1955310711875122,580.5202647166277,2853.770440710472,7.200587611572039
2026-04-05 13:48:36.722945+00:00,867,1.504761689627785,2.2079472206502517,582.7081398846871,2863.8106720898377,7.156208706529925
2026-04-05 13:52:36.753841+00:00,858,1.5008302422797397,2.1171964186886902,580.7575026821496,2782.4608304207413,7.260226294908779
2026-04-05 13:56:36.708776+00:00,867,1.502853687345143,2.194400574709371,581.7607932348238,2852.839114441712,7.116677270630011
2026-04-05 14:00:36.476730+00:00,875,1.5036839225277332,2.2528006178324023,582.1728604185744,2897.2030449787426,7.014924096820269
2026-04-05 14:04:36.502546+00:00,849,1.5016169285825571,2.184284866929527,581.1473996533846,2844.3781257324417,7.075623610154762
2026-04-05 14:08:36.710528+00:00,823,1.5011298803030435,2.1451010396281935,580.9059839161721,2809.4396298292586,7.107364145756646
2026-04-05 14:12:36.964440+00:00,806,1.5024822987805022,2.1930563855644776,581.5765406344404,2851.728016805848,7.013051884914607
2026-04-05 14:16:36.495361+00:00,801,1.5000098324854276,2.1934105084316022,580.3511190388567,2852.021125185429,6.983817980455162
2026-04-05 14:20:38.199879+00:00,806,1.50250853263169,2.2475387215184015,581.5895541590952,2893.5190871617087,6.8862777463518015
2026-04-05 14:24:38.477718+00:00,814,1.5018384976968557,2.260147495183931,581.2572521462018,2902.242950930153,6.840702466515253
2026-04-05 14:28:36.388814+00:00,806,1.5030942140207482,2.2622256581514306,581.8801483165323,2903.6466110250867,6.809753218484859
2026-04-05 14:32:36.388319+00:00,806,1.5001886300868414,2.193122662731407,580.4396652772907,2851.782895956616,6.862795310173414
2026-04-05 14:36:36.677228+00:00,809,1.5033887641412245,2.2951380094889373,582.0263383703254,2924.5864279823427,6.714693689656606
2026-04-05 14:40:36.624745+00:00,814,1.5037941134865846,2.0686074796909235,582.2275689626625,2731.3197422299545,6.993878727913264
2026-04-05 14:44:37.506815+00:00,820,1.501558905118894,2.2255802319512203,581.1186348061877,2877.475829871659,6.727028441127351
2026-04-05 14:48:36.434530+00:00,823,1.5030483680520548,2.1660627946875035,581.857396908902,2828.558260528869,6.774275620176732
2026-04-05 14:52:36.230919+00:00,832,1.502528717813915,2.078498336039762,581.5995673520249,2742.158960037492,6.880556909950402
2026-04-05 14:56:36.725205+00:00,840,1.504494822999349,2.125784689084926,582.5755615147352,2790.9500262449874,6.769575124635747
2026-04-05 15:00:37.420094+00:00,840,1.5034963630917886,2.1961921886576814,582.0797489763748,2854.3137558136577,6.63658829511954
2026-04-05 15:04:37.825170+00:00,840,1.5024869246318149,2.1961643123314247,581.5788353099972,2854.2908664568986,6.605443735713694
2026-04-05 15:08:36.353219+00:00,849,1.5005081673252636,2.1557826767738337,580.5979376824914,2819.30508184306,6.628756525410748
2026-04-05 15:12:37.055373+00:00,840,1.5009517513224815,2.1938912746504338,580.8177109759317,2852.4186068694107,6.545914566762896
2026-04-05 15:16:36.278832+00:00,849,1.5019993104681775,2.144637227207566,581.3369926636466,2809.005465575973,6.5826814001610465
2026-04-05 15:20:36.717532+00:00,857,1.5015489531649153,2.217092803204596,581.1137012906186,2870.9852458583364,6.4501509039844676
2026-04-05 15:20:42.516942+00:00,857,1.501758083978553,2.1953178134401705,581.217381600344,2853.5949737480287,6.478111211574179
2026-04-05 15:24:36.285275+00:00,857,1.503916300531942,2.1092566021812913,582.2882383385718,2774.465577833281,6.573940101883404
2026-04-05 15:28:37.162526+00:00,866,1.502770576772791,2.1849903032863587,581.7195564327976,2844.975605001012,6.427468028904022
2026-04-05 15:32:39.554827+00:00,866,1.5037621148995781,2.222895952306623,582.2116815992443,2875.440535809501,6.347070585778042
2026-04-05 15:36:37.146855+00:00,875,1.5025590264039572,2.1294288428833563,581.6146026929639,2794.50219707836,6.444099181887192
2026-04-05 15:40:36.503813+00:00,875,1.5023785438056314,2.0860213310643734,581.525074428054,2750.2565024792393,6.4838415996866265
2026-04-05 15:58:37.234181+00:00,855,1.501684709228543,2.1378643734181524,581.18100304749,2802.6106372211434,6.262581310817355
2026-04-05 16:05:49.304479+00:00,888,1.5010667664641648,2.202581499842276,580.8747062030882,2859.514105377778,6.110421152103595
2026-04-05 16:09:49.533600+00:00,898,1.5026714559562402,2.1358593456330888,581.6703789823882,2800.697800723564,6.172097118116177
2026-04-05 16:13:48.857355+00:00,927,1.5041758718005382,2.202766714254767,582.4171400744218,2859.6634896659853,6.040917472203474
2026-04-05 16:17:49.046998+00:00,942,1.5024033706211217,2.0666230669361494,581.5373890846722,2729.1186560194483,6.217173308341612
2026-04-05 16:21:49.279260+00:00,951,1.5033740332372103,2.1021499445907867,582.0190264683724,2767.1894967796443,6.123567896811254
2026-04-05 16:26:03.401623+00:00,959,1.501284505994865,2.1848883898408875,580.982618528386,2844.8893568840176,5.958930894976763
2026-04-05 16:29:55.186724+00:00,942,1.5020736161170185,2.1747080715398246,581.3738408313972,2836.1565971336495,5.953347947991244
2026-04-05 16:33:49.241337+00:00,934,1.5024343947391998,2.14081870975034,581.5527780415193,2805.412717321007,5.973975176810304
2026-04-05 16:37:49.126647+00:00,916,1.5027272033633796,2.1170733659690457,581.6980368854215,2782.337996226328,5.984303310015467
2026-04-05 16:41:49.351246+00:00,925,1.5024001538354346,2.2084724629860077,581.5357934749053,2864.2277898170632,5.820942986772236
2026-04-05 16:45:48.970369+00:00,917,1.5024185699674588,2.139147085464074,581.5449284060228,2803.8296451196757,5.889722735310153
2026-04-05 16:49:49.145789+00:00,920,1.5021702450927743,2.2482445588894953,581.4217619881313,2894.0168609071507,5.7144946975339295
2026-04-05 16:53:49.099089+00:00,917,1.5030387481690592,2.15135322449964,581.8526230616773,2815.245112612858,5.81223596609918
2026-04-05 16:57:48.895303+00:00,917,1.502916081153047,2.152555331791519,581.7917526114659,2816.3512927688816,5.781177916013853
2026-04-05 17:01:59.544203+00:00,917,1.5019523352351318,2.1201782189046083,581.3136986315159,2785.4269626363457,5.801822116175796
2026-04-05 17:05:49.648986+00:00,925,1.5014224707881834,2.2168073291455284,581.0510027351279,2870.7641295588164,5.634245470509524
2026-04-05 17:09:54.454882+00:00,925,1.5014972499447818,2.0677026209113882,581.0880708297793,2730.3171784613733,5.831414434764153
2026-04-05 17:13:49.244817+00:00,925,1.5044495238752307,2.194156943107575,582.5530595236049,2852.6380306245946,5.606331428535604
2026-04-05 17:17:50.595853+00:00,929,1.5027988989062784,2.125314784284434,581.7336086994342,2790.489816449838,5.677325352578721
2026-04-05 17:21:49.156779+00:00,926,1.5035025386986085,2.0749517304480514,582.0828145822865,2738.297506146282,5.733876685398714
2026-04-05 17:25:48.850739+00:00,934,1.5033806365794375,2.1580138586164357,582.022304125613,2821.3334991492975,5.571190560672087
2026-04-05 17:29:48.717710+00:00,942,1.5025010789641335,2.0922038477561378,581.5858566798248,2756.8162547603843,5.646006191241256
2026-04-05 17:33:49.155959+00:00,942,1.50279538350922,2.223801890317618,581.73186449031,2876.129247766069,5.427035347854527
2026-04-05 17:37:49.033456+00:00,951,1.5028788956370909,2.1088900683161547,581.7733012532017,2774.093073692141,5.562538555769384
2026-04-05 17:41:50.356076+00:00,951,1.500566087540987,2.0752142481740568,580.6266303503778,2738.5842946959874,5.593061050483418
2026-04-05 17:45:48.711627+00:00,951,1.5028843623221066,2.067357151376516,581.7760137784062,2729.933921803492,5.580696862505343
2026-04-05 17:49:49.029268+00:00,960,1.5015528083065046,2.235045442095997,581.1156124088499,2884.523767274368,5.304483144686548
2026-04-05 17:53:48.651606+00:00,968,1.501477075349179,2.1535408597219745,581.0780700746427,2817.2557608565894,5.385476183611153
2026-04-05 17:57:48.652691+00:00,968,1.5026995816701563,2.111662225922033,581.6843328292866,2776.902913817222,5.425021137469069
2026-04-05 18:01:49.037382+00:00,968,1.505691977582288,2.1809415294370744,583.1704965172844,2841.5312727024602,5.296103991353193
2026-04-05 18:05:49.020790+00:00,977,1.500319407127375,2.1353206443021877,580.5044371877648,2800.182333613777,5.336219828650551
2026-04-05 18:09:49.045966+00:00,977,1.4998968791047889,2.1355562812212314,580.2951866222726,2800.407887509502,5.311529226504893
2026-04-05 18:13:48.664848+00:00,977,1.5024593737519512,2.196969299152397,581.5651686740499,2854.951143293887,5.199856513597727
2026-04-05 18:17:48.708303+00:00,985,1.4999347193742594,2.181743270445831,580.3139239314339,2842.216238489891,5.195206297597122
2026-04-05 18:17:55.462782+00:00,985,1.5021592988273644,2.0403201395295567,581.416333250559,2699.110150329566,5.42529414312033
2026-04-05 18:18:15.871028+00:00,985,1.4998265022288386,2.140290189551123,580.2603395225477,2804.912871673784,5.249335047390467
2026-04-05 18:21:48.650648+00:00,985,1.5028664675497863,2.1894924778442317,581.7671345745247,2848.7625167998676,5.1614267623115815
2026-04-05 18:21:55.126751+00:00,985,1.5022561886156536,2.156130037922334,581.4643866236845,2819.621608782566,5.208279896433863
2026-04-05 18:22:01.536611+00:00,985,1.5012130811273448,2.145941597392682,580.9472183599304,2810.2252284215438,5.217631813868011
2026-04-05 18:25:48.521537+00:00,994,1.503781016374775,2.010634354148781,582.2210661772247,2663.380024812832,5.4349106225230805
2026-04-05 18:29:48.647599+00:00,994,1.5025464306463125,2.2007652553830384,581.6083542109786,2858.0451444849905,5.09942248627438
2026-04-05 18:33:48.950497+00:00,985,1.5030686853357902,2.0938515507663737,581.8674794244745,2758.550039594732,5.238969410183504
2026-04-05 18:37:48.911875+00:00,993,1.500901681895045,2.136010463299966,580.7929007257804,2800.842283881496,5.147741018883511
2026-04-05 18:41:48.635826+00:00,993,1.502753724259218,2.1857560676792636,581.7111950468869,2845.6229177153537,5.054417244774793
2026-04-05 18:45:48.601414+00:00,1004,1.5009328464497178,2.1987925811236453,580.8083431893704,2856.441290479479,5.014033386080619
2026-04-05 18:49:48.939235+00:00,1014,1.5051484019788455,2.086926371008245,582.9003009559033,2751.2221161986417,5.160816714138792
2026-04-05 18:53:48.820896+00:00,1026,1.5034047248994005,2.159572380260992,582.0342608132893,2822.743768569998,5.023475771728699
2026-04-05 18:57:48.652647+00:00,1037,1.5025107211174276,2.1073322607849767,581.5906397867757,2772.506533176099,5.082513228384632
2026-04-05 19:01:49.015443+00:00,1037,1.5035972449353618,2.1282837493578026,582.1298289427391,2793.3892133360314,5.0297046523493405
2026-04-05 19:05:49.775407+00:00,1048,1.502474398095355,2.137785970913287,581.5726214790737,2802.536008906689,4.994130718257939
2026-04-05 19:09:48.822944+00:00,1037,1.50206549479754,2.19855379845186,581.3698133766381,2856.246560078688,4.891490591091017
2026-04-05 19:13:48.493452+00:00,1036,1.5024600939044335,2.105217604483143,581.5655259029255,2770.34417206583,5.0118870929215
2026-04-05 19:17:48.911403+00:00,1036,1.5001180716686553,2.229416066923084,580.4047211967811,2880.356243303275,4.817554709770903
2026-04-05 19:21:48.859186+00:00,1049,1.5017385320931702,2.1535612550620478,581.20768776665,2817.2744556901216,4.8995359939985725
2026-04-05 19:25:48.571311+00:00,1056,1.5025362574830858,1.9916281815560237,581.6033075655233,2639.4671226273967,5.167567814292148
2026-04-05 19:29:48.418327+00:00,1071,1.5013827106327557,2.1289957602844574,581.0312943764237,2794.081604116218,4.900090108486899
2026-04-05 19:33:48.898946+00:00,1060,1.5047704505955168,2.028589626703085,582.7124927198165,2685.227164672254,5.061589713680697
2026-04-05 19:37:49.643555+00:00,1070,1.5018228606625519,2.152152029796824,581.2494988527678,2815.9805348769387,4.834369565807572
2026-04-05 19:41:48.847019+00:00,1070,1.502556159270364,2.13169025716332,581.6131803653981,2796.691567584715,4.850755094509417
2026-04-05 19:45:48.874285+00:00,1073,1.5046360113200847,2.132274630970731,582.6457002855625,2797.2554612753456,4.8351435842755155
2026-04-05 19:49:48.415533+00:00,1082,1.5032018495523014,2.2651081653793947,581.9335661167349,2905.577531085134,4.645639229191666
2026-04-05 19:53:48.536652+00:00,1104,1.5048228803900934,2.1077322667617113,582.7385427096613,2772.9144359521597,4.841642450765526
2026-04-05 19:57:48.799242+00:00,1116,1.5024354391139954,2.156854576176093,581.5532960906744,2820.2809618065057,4.750574251498174
2026-04-05 20:01:48.492750+00:00,1116,1.5004250977760196,2.3197731622620883,580.5567884907491,2938.6716633742262,4.548075399741893
2026-04-05 20:05:48.401296+00:00,1127,1.4992582888752395,2.1983141148430665,579.9790512471493,2856.0509664638885,4.667201869325331
2026-04-05 20:09:48.699682+00:00,1137,1.5007355055190497,2.1492714448864296,580.7105637107284,2813.321797813119,4.722889498907706
2026-04-05 20:13:48.361986+00:00,1131,1.5024904149949545,2.1621654257134826,581.5805667261365,2825.078092814414,4.694501330517683
2026-04-05 20:17:48.438794+00:00,1133,1.503353378208949,2.1210160583919726,582.0087741661829,2786.2568141048287,4.746443971498657
2026-04-05 20:21:48.436248+00:00,1138,1.5034258136261727,2.1828341306447974,582.044728761612,2843.14589952809,4.644458156809225
2026-04-05 20:25:48.304986+00:00,1150,1.5006244375033788,2.061852790247545,580.6555370767691,2723.791422577241,4.825044834521778
2026-04-05 20:29:48.803882+00:00,1160,1.5014063954681092,2.1426850679565703,581.0430344366401,2807.172809509497,4.680573053726326
2026-04-05 20:33:48.674822+00:00,1161,1.502759877248731,2.0897112912406626,581.7142478453828,2754.181915951598,4.757585788010972
2026-04-05 20:37:48.387665+00:00,1172,1.4995509735848545,2.161662030184531,580.123927968629,2824.626102165048,4.634786760630192
2026-04-05 20:41:48.718991+00:00,1172,1.5011243955610554,2.213331638609093,580.9032657543515,2868.057358043833,4.55802409138004
2026-04-05 20:45:48.377765+00:00,1196,1.502477652244742,2.0544204531409718,581.5742357057082,2715.389704634058,4.792569278007262
2026-04-05 20:49:48.615110+00:00,1199,1.5024099540766067,2.136290056470571,581.5406546617876,2801.1094671687697,4.648323373988722
2026-04-05 20:53:48.534081+00:00,1217,1.5033213761013753,2.1607699912630522,581.9928899343092,2823.823760287685,4.603094064681043
2026-04-05 20:57:48.645964+00:00,1230,1.502317884042778,2.0980018193553174,581.4949867226177,2762.890172530024,4.693837407079467
2026-04-05 21:01:48.384415+00:00,1236,1.501808470864035,2.1461075216811176,581.2423640494653,2810.3801167814154,4.612116449730899
2026-04-05 21:05:48.351783+00:00,1241,1.5011055235606308,2.1812109101932333,580.893913132792,2841.7615782731928,4.5570271008392975
2026-04-05 21:09:48.277141+00:00,1240,1.5025566447030465,2.1508952831603474,581.6134211786322,2814.8228628680117,4.597380324787499
2026-04-05 21:13:48.366732+00:00,1252,1.5018429644823785,2.1073351546466714,581.2594669230323,2772.5094854551016,4.660551686519169
2026-04-05 21:17:48.645414+00:00,1240,1.5031096201614023,2.1967909684569817,581.8877938931317,2854.804995761424,4.528440389747097
2026-04-05 21:21:48.406109+00:00,1241,1.500552021590316,2.2340266340045867,580.619662216633,2883.774788829074,4.480166853429277
2026-04-05 21:25:48.335614+00:00,1252,1.5043368699291264,2.1480671770196147,582.4971026242987,2812.204764933239,4.592207779966287
2026-04-05 21:29:48.665135+00:00,1247,1.5013328870905758,2.2032679956197243,581.0065985569352,2860.0674115181173,4.515783696596576
2026-04-05 21:33:48.359129+00:00,1252,1.501699293530356,2.158370138217179,581.1882336674922,2821.6563680497256,4.5767372276190255
2026-04-05 21:37:48.606259+00:00,1252,1.503048011122606,2.063049527787888,581.857219782823,2725.132677476219,4.732614609454683
2026-04-05 21:41:48.692773+00:00,1252,1.5029636131972754,2.1900049174550134,581.815338586724,2849.1906657921363,4.53438591652931
2026-04-05 21:45:48.247670+00:00,1258,1.502835327631173,2.209897661196071,581.7516835277822,2865.356487101967,4.509045741884792
2026-04-05 21:49:48.217933+00:00,1263,1.5014571470534743,2.217230035540039,581.0681915508134,2871.091475308378,4.5012117858306775
2026-04-05 21:53:48.621098+00:00,1263,1.4995935821403263,2.134593135335976,580.1450213414095,2799.4851700641175,4.619215914234821
2026-04-05 21:57:48.211958+00:00,1263,1.5019731456956749,2.304067579668848,581.3240180081065,2929.8490706849625,4.413035235296857
2026-04-05 22:01:48.304301+00:00,1263,1.503032633160322,2.1807800519495166,581.8495885177553,2841.393140477069,4.559220447295312
2026-04-05 22:05:48.206981+00:00,1253,1.5027119706723575,2.144128071430308,581.6904793996455,2808.5283014006745,4.618451511330441
2026-04-05 22:09:48.089019+00:00,1275,1.5033282391488463,2.070027160570824,581.9962963750357,2732.889020206626,4.7409733260874445
2026-04-05 22:13:48.391083+00:00,1284,1.5017409644380069,2.0918458585519715,581.2088937171421,2756.438758470651,4.707005554994173
2026-04-05 22:17:48.551205+00:00,1275,1.501236495545122,2.106495815364838,580.9588230084373,2771.6524161539282,4.690368085495072
2026-04-05 22:21:48.242461+00:00,1286,1.5007417990868956,2.068745565879761,580.7136818721158,2731.4725773559785,4.759564517785587
2026-04-05 22:25:48.537958+00:00,1290,1.5028801673230638,2.25023424972439,581.773932252647,2895.4140304523016,4.502424691189729
2026-04-05 22:29:48.197503+00:00,1292,1.5024589833231317,2.1925561314629745,581.564975003407,2851.313476374201,4.580686646426302
2026-04-05 22:33:48.524299+00:00,1297,1.5021283374424352,2.019963223665357,581.4009783532891,2674.8211227277907,4.871775307791454
2026-04-05 22:37:48.710085+00:00,1286,1.5021024856753076,2.1502906404589646,581.3881577583286,2814.264625713259,4.658438104003142
2026-04-05 22:41:48.394747+00:00,1297,1.501855017701158,2.1656840070726275,581.2654433333826,2828.2215142167815,4.64324313261503
2026-04-05 22:45:48.409903+00:00,1297,1.5017059064821259,2.1516196079383936,581.1915122676489,2815.4905181529684,4.6735504013328475
2026-04-05 22:49:48.120050+00:00,1308,1.5029951869520168,2.315574090621495,581.8310062974584,2936.3669737716764,4.487490143119166
2026-04-05 22:53:48.063423+00:00,1320,1.50126655736108,2.1101001152494487,580.9737225162755,2775.3216868575337,4.755035139805626
2026-04-05 22:57:48.088233+00:00,1314,1.5040288486861941,2.2519304309235446,582.3441263000836,2896.5980916201406,4.572561116787821
2026-04-05 23:01:48.641300+00:00,1331,1.5040262339767156,2.1456693907194073,582.3428278658046,2809.9709930917297,4.720536246125688
2026-04-05 23:05:48.055867+00:00,1330,1.5042752786120996,2.288636809809524,582.4665111543852,2920.6425487094148,4.5551864188534354
2026-04-05 23:09:48.141644+00:00,1352,1.5036961296386204,1.9739476363497543,582.1789209018342,2616.495340925898,5.052959412082716
2026-04-05 23:13:48.101259+00:00,1365,1.5015149434246908,2.1681649820111146,581.0968417858957,2830.4212845211687,4.719959913486558
2026-04-05 23:17:48.451825+00:00,1354,1.50334266072409,2.278519890063727,582.0034545078865,2914.316867411233,4.601037140666707
2026-04-05 23:21:48.484085+00:00,1354,1.5020911584528616,2.1925328694772404,581.3825403531338,2851.2941864589893,4.716750184413597
2026-04-05 23:25:48.459623+00:00,1354,1.5023613481774298,2.087078616679238,581.5165451360975,2751.3843712326207,4.892256082911361
2026-04-05 23:29:48.326252+00:00,1365,1.5027795087001177,2.051582955350373,581.7239880543317,2712.149470053103,4.968617852741291
2026-04-05 23:33:48.248536+00:00,1365,1.5019575360484103,2.111177226866029,581.3162775681515,2776.4125648932386,4.881121131360596
2026-04-05 23:37:48.321317+00:00,1370,1.5022250902963665,2.08694794259788,581.4489627755809,2751.2451091666135,4.936941908355468
2026-04-05 23:41:48.552771+00:00,1381,1.5031154222971757,2.0785512999477285,581.8906733294712,2742.2164121911173,4.966151234344735
2026-04-05 23:53:34.725300+00:00,1410,1.5033749725204713,2.2666304645980078,582.0194926932627,2906.5897687868883,4.749446971538676
2026-04-05 23:57:34.216502+00:00,1459,1.5031862009395813,2.164356424505498,581.9257997105673,2827.0387407709914,4.886701485999905
2026-04-06 00:01:36.773513+00:00,1493,1.5052844193550985,2.1100950602480903,582.9679016131199,2775.3165611198965,4.982475710856815
2026-04-06 00:05:34.255245+00:00,1537,1.5047986742788058,2.0980345086967893,582.7265156711593,2762.924204125213,5.013565815805096
2026-04-06 00:09:33.932615+00:00,1562,1.5023671392682922,2.084387799067096,581.5194175934429,2748.50899305648,5.051912932419856
2026-04-06 00:13:33.726917+00:00,1615,1.5024152822724652,2.2019726093539638,581.5432976061625,2859.0224643178126,4.884548213902141
2026-04-06 00:17:36.676429+00:00,1607,1.5027696865526268,2.1868525595175594,581.7191147470105,2846.5475117541328,4.926825421642537
2026-04-06 00:21:33.922215+00:00,1619,1.5030349666621183,2.1224367076773496,581.8507465053672,2787.660323996587,5.040368594699866
2026-04-06 00:25:34.242946+00:00,1631,1.5042021753097798,2.273881145844319,582.4302035612036,2911.3397683182375,4.860781369306698
2026-04-06 00:29:34.234034+00:00,1619,1.501440961732519,2.1185688930421684,581.0601685331346,2783.8285677403874,5.08997618352821
2026-04-06 00:33:33.885851+00:00,1608,1.5015432582756096,2.1354126333243038,581.1108781593947,2800.2704011839623,5.087922549557884
2026-04-06 00:37:34.062826+00:00,1597,1.5021404255279869,2.188052375792968,581.4069732431308,2847.5561451174335,5.036660268473952
2026-04-06 00:41:34.387684+00:00,1574,1.5059139415923024,2.1116445403845785,583.2808578074253,2776.8850424560724,5.177685414454575
2026-04-06 00:45:34.329607+00:00,1562,1.5038812956241483,2.203408846093261,582.2708568688115,2860.1808044970358,5.069458359850679
2026-04-06 00:49:34.095573+00:00,1562,1.5003780945957514,2.092978629251878,580.5335061284186,2757.632271330379,5.258136540325083
2026-04-06 00:53:33.793576+00:00,1585,1.5024367144257407,2.128950953381304,581.553928693748,2794.038065405158,5.219426308063505
2026-04-06 00:57:34.261186+00:00,1608,1.5000891878853762,2.276578647350173,580.3904169881941,2913.076864464637,5.048204557283293
2026-04-06 01:01:33.820478+00:00,1597,1.5028172270905065,2.192101926447304,581.7427025311873,2850.9366092499213,5.175025318013818
2026-04-06 01:05:34.107083+00:00,1589,1.5020761532815372,2.2081998352936885,581.3750990448274,2864.011361499909,5.180681489887475
2026-04-06 01:09:34.086432+00:00,1562,1.5039080404767557,2.1527381803653074,582.2841368211942,2816.5192664555843,5.287619078491435
2026-04-06 01:13:34.179816+00:00,1562,1.5039269240031647,2.2358485423963046,582.2935134411706,2885.1125284405252,5.203146404418919
2026-04-06 01:17:34.148214+00:00,1551,1.5043800907974914,2.179577884092584,582.5185705562099,2840.3629367591493,5.3032873546594335
2026-04-06 03:22:41.121006+00:00,2402,1.5029130742011492,2.162410848388105,581.7902605518323,2825.2982479343736,6.091403911209055
2026-04-06 03:26:40.991339+00:00,2494,1.503290304414756,2.3174217344052503,581.9774678553724,2937.3859335721336,5.925272258597636
2026-04-06 03:30:40.915552+00:00,2554,1.5039273138314488,2.245599988520967,582.2937070118071,2892.1461009017603,6.018127896966386
2026-04-06 03:34:40.582469+00:00,2566,1.5033053414290936,2.2952601095054996,581.9849312650483,2924.6595925036545,5.995007432398849
2026-04-06 03:38:40.948431+00:00,2554,1.5015663056613546,2.215874598677975,581.1223035241181,2870.04040237948,6.116488823053287
2026-04-06 03:42:40.644256+00:00,2554,1.5014285012163153,2.1779542000360017,581.0539919521954,2838.9663719187565,6.197835683967729
2026-04-06 03:46:41.349932+00:00,2518,1.503159174064815,2.259161881969752,581.9123864726051,2901.573851852805,6.135309021803148
2026-04-06 03:50:40.897823+00:00,2486,1.5005689407564327,2.2618255781898267,580.6280438135943,2903.377135968788,6.169752836583321
2026-04-06 03:54:41.013995+00:00,2467,1.5045480381051695,2.2640394898796776,582.6019966166364,2904.863823668593,6.202210449227421
2026-04-06 03:58:40.840990+00:00,2431,1.5014343305551134,2.2760256625584616,581.0568815034151,2912.722090363158,6.227566942945166
2026-04-06 04:02:41.115712+00:00,2408,1.5040083670811712,2.193352457728569,582.3339554368683,2851.9730957304027,6.360716827892862
2026-04-06 04:06:40.571713+00:00,2386,1.5023024854277267,2.352798073756899,581.4873490943056,2955.420286444816,6.229605359362284
2026-04-06 04:10:40.581317+00:00,2357,1.5007123914521405,2.2795012963230303,580.6991119149995,2914.94054428078,6.331133582423655
2026-04-06 04:14:41.036723+00:00,2329,1.502861020366159,2.2918806590510927,581.7644317594297,2922.6222317145894,6.354943751615833
2026-04-06 04:18:40.966411+00:00,2302,1.5021765407983059,2.1271045059253737,581.4248843259413,2792.2399663202305,6.60044207010257
2026-04-06 04:22:40.730503+00:00,2293,1.5009629052948632,2.1458009050649287,580.8232380761119,2810.0938454659054,6.604101606820412
2026-04-06 04:26:40.769125+00:00,2265,1.5038602624637205,2.1797837583693767,582.2604131874695,2840.539591550135,6.590969466324255
2026-04-06 04:30:40.670185+00:00,2256,1.5026965932201415,2.143015816278457,581.682850173977,2807.483911622281,6.67622607460829
2026-04-06 04:34:40.575299+00:00,2229,1.502483133824725,2.2258892640079764,581.576954861554,2877.709110005664,6.598673189158136
2026-04-06 04:38:40.755678+00:00,2210,1.504644666813948,2.2691322667993092,582.6500003396341,2908.2420376066384,6.583280807413073
2026-04-06 04:42:40.556895+00:00,2192,1.500790891286746,2.2620859578544,580.7380051742831,2903.5525562263274,6.624170905322931
2026-04-06 04:46:40.737936+00:00,2183,1.5044378975676398,2.2899639579599733,582.5472843594259,2921.4553416156614,6.62687304374175
2026-04-06 04:50:40.533946+00:00,2155,1.503448604717508,2.399787902712095,582.0560418966556,2975.0386655887496,6.575606067746359
2026-04-06 04:54:40.775001+00:00,2146,1.5030725445276187,2.174428697242983,581.8693945766145,2835.91367359355,6.830413489267264
2026-04-06 04:58:40.690546+00:00,2129,1.4995298174913394,2.197845849864285,580.1134548731311,2855.6684677862368,6.831081533067074
2026-04-06 05:02:40.799312+00:00,2118,1.5032102779607013,2.3153511114186225,581.9377491707363,2936.243485346353,6.73262703922868
2026-04-06 05:06:40.719788+00:00,2109,1.5022033568885729,2.215364235659842,581.4381838453622,2869.6435747132537,6.870211558757253
2026-04-06 05:10:40.425011+00:00,2091,1.5045545919786545,2.1705097483276514,582.605252382468,2832.4876070992295,6.961927091286853
2026-04-06 05:14:40.602267+00:00,2074,1.502522204990846,2.200288864943746,581.5963365432209,2857.658620831904,6.953012500391131
2026-04-06 05:18:40.721034+00:00,2049,1.5008818474591858,2.2674272958122956,580.7830726656465,2907.11754331621,6.906313252075002
2026-04-06 05:22:40.721376+00:00,2027,1.5019468236535196,2.2586312761695075,581.3109656038214,2901.212740357457,6.947814811371693
2026-04-06 05:26:40.327677+00:00,2009,1.5020660098299845,2.255669293163051,581.3700687864124,2899.185329213199,6.982071779895142
2026-04-06 05:30:40.390491+00:00,1977,1.50306312902091,2.2761677544329215,581.8647220716655,2912.8133165430045,6.993527681105593
2026-04-06 05:34:40.607538+00:00,1954,1.5022567491964012,2.2820508917461666,581.4646646582479,2916.5507079431927,7.0189172800255175
2026-04-06 05:38:40.453208+00:00,1931,1.5039851471822534,2.1838860153348336,582.3224249528778,2844.0398192739613,7.166617469656849
2026-04-06 05:42:40.734863+00:00,1897,1.5035474106448257,2.219124494468284,582.1050896646206,2872.553634593436,7.153669174885429
2026-04-06 05:46:40.419534+00:00,1886,1.5019557809065744,2.3020202651657735,581.315407241768,2928.6582723589627,7.09173127872245
2026-04-06 05:50:40.293479+00:00,1879,1.5049552541909827,2.2826396987068063,582.8043174926512,2916.9204908806723,7.137811650701478
2026-04-06 05:54:40.760222+00:00,1863,1.502981821446801,2.181705518083991,581.8243739472833,2842.1840171519334,7.286562039314164
2026-04-06 05:58:40.376714+00:00,1841,1.501449629196544,2.2523735635677498,581.0644649592178,2896.9063691651963,7.2279741377250755
2026-04-06 06:02:40.553838+00:00,1808,1.501956339579017,2.2732455824722573,581.315684271894,2910.928114421964,7.236566144957788
2026-04-06 06:06:40.615714+00:00,1785,1.5043423568234333,2.1827273860836107,582.4998279449255,2843.0550465766146,7.374609492960689
2026-04-06 06:10:40.594452+00:00,1781,1.5042462737748559,2.0869527440351017,582.452105348021,2751.2502268345133,7.547208539103271
2026-04-06 06:14:40.665273+00:00,1761,1.5037575981936584,2.204285432718911,582.2094390741205,2860.8855094298315,7.398589345034713
2026-04-06 06:18:40.343165+00:00,1773,1.5015322294721707,2.3254806417819243,581.1054108752367,2941.7409040794564,7.289858642370697
2026-04-06 06:22:41.318697+00:00,1762,1.5017879126152727,2.1807571924025697,581.2321709062978,2841.3735810789876,7.476463410459325
2026-04-06 06:26:40.640994+00:00,1756,1.5021164184495515,2.2765715004777296,581.3950673716255,2913.07228367264,7.385102903698105
2026-04-06 06:30:41.961073+00:00,1739,1.5045831109194983,2.1903262681998292,582.6194199016645,2849.458857713279,7.512989045658201
2026-04-06 06:34:40.255177+00:00,1717,1.5026860949002185,2.2340831171662128,581.6776416824243,2883.816373417827,7.483909841917948
2026-04-06 06:38:42.455100+00:00,1717,1.5035165924815075,2.39040807100272,582.0897910082268,2971.517810395815,7.3645273435578815
2026-04-06 06:42:40.428669+00:00,1705,1.5008498346006602,2.299139876093699,580.7672104236348,2926.9670225994623,7.4596398853599215
2026-04-06 06:46:40.237782+00:00,1671,1.4998967125239253,2.37617351742103,580.2951041377681,2965.79805377263,7.424424406752763
2026-04-06 06:50:40.480681+00:00,1671,1.5026179523065324,2.112404202000602,581.6438352824641,2777.6520543976303,7.747330765483439
2026-04-06 06:54:40.736182+00:00,1658,1.5033411784112027,2.2675239140197827,582.0027187602147,2907.181440865752,7.561501894757439
2026-04-06 06:58:40.453014+00:00,1649,1.5029061976037161,2.317226682983735,581.7868483728316,2937.278725525749,7.534362095027444
2026-04-06 07:02:40.673612+00:00,1621,1.5031901165900219,2.290768399524412,581.9277430398558,2921.946089154135,7.5834100856055064
2026-04-06 07:06:40.578986+00:00,1581,1.5024953072710836,2.2728357807086574,581.5829935769362,2910.6622061710204,7.627769725489113
2026-04-06 07:10:40.738816+00:00,1500,1.5029825902363745,2.2159616215296842,581.8247554412267,2870.1080078831064,7.726465838144704
2026-04-06 07:14:40.497696+00:00,1373,1.503259584835307,2.3524338720855185,581.9622208690762,2955.248908388161,7.631278765367348
2026-04-06 07:18:40.554066+00:00,1280,1.5023055670800691,2.237950684257444,581.48887757035,2886.6467879168877,7.776426174953479
2026-04-06 07:22:40.497727+00:00,1211,1.5011947498433278,2.370539880655053,580.9381331450543,2963.408928085999,7.682876822941373
2026-04-06 07:26:41.304642+00:00,1152,1.5023813306729654,2.2760483902536484,581.5264567660688,2912.7366850942444,7.79187051274819
2026-04-06 07:30:40.566359+00:00,1130,1.5042827644327934,2.342167646394725,582.47022917749,2950.295778302512,7.751568921779977
2026-04-06 07:34:40.857758+00:00,1095,1.4999076757588368,2.2040721403825914,580.3005327348804,2860.714198106969,7.917658376313964
2026-04-06 07:38:40.201375+00:00,1095,1.5019732854288332,2.276401688702246,581.3240872987211,2912.9634090499676,7.8486416039544675
2026-04-06 07:42:40.553081+00:00,1084,1.5027441005551465,2.3212585390512235,581.7064202836917,2939.477462579387,7.822588950409018
2026-04-06 07:46:40.158099+00:00,1073,1.5010223609254574,2.218828731179625,580.8527007008141,2872.3258917722696,7.946644579596353
2026-04-06 07:50:40.466996+00:00,1062,1.5046638788779059,2.2029478965327853,582.6595449962136,2859.8095474674674,7.982364168545824
2026-04-06 07:54:40.133918+00:00,1051,1.5025330132981718,2.2347466802501876,581.6016982160832,2884.3043730347545,7.958079786899795
2026-04-06 07:58:40.549908+00:00,1028,1.5031393077273087,2.2374082546600356,581.902527117372,2886.2518406717445,7.971805626342439
2026-04-06 08:02:40.343730+00:00,1006,1.5018144961506008,2.378753162815483,581.2453515207105,2966.8682974342837,7.8583534579690495
2026-04-06 08:06:40.496493+00:00,1006,1.5020307862256224,2.137952243863565,581.3526012574969,2802.69426133273,8.133828455994054
2026-04-06 08:10:40.429853+00:00,1007,1.5026249560744596,2.230739285763786,581.6473098660549,2881.3422291610514,8.018190906666979
2026-04-06 08:14:40.669669+00:00,988,1.5021956932028175,2.3651688054391937,581.4343829923562,2961.064926472811,7.904075458641846
2026-04-06 08:18:40.427383+00:00,1001,1.5021062254880877,2.2595298692751307,581.3900124189972,2901.8239204824567,8.006844775594391
2026-04-06 08:22:40.226819+00:00,997,1.5016649687659576,2.3547710336051098,581.1712162178026,2956.343512431982,7.929387351284742
2026-04-06 08:26:40.717762+00:00,1008,1.5034879704144406,2.269259129820547,582.0755828253485,2908.325448302443,8.01344300346811
2026-04-06 08:30:40.304889+00:00,1008,1.5009946650140982,2.2421222307620745,580.8389761258072,2889.6620914671885,8.051845628007715
2026-04-06 08:34:40.185705+00:00,1019,1.5041787004037117,2.377021774598665,582.4185448724467,2966.151624325019,7.93465966073447
2026-04-06 08:38:40.421142+00:00,1007,1.50322452874711,2.3071803545749687,581.9448219509445,2931.6415864393484,7.9997383395074975
2026-04-06 08:42:40.177516+00:00,1013,1.5024983627516342,2.2648965751452463,581.5845092755084,2905.4364252208807,8.047541317173664
2026-04-06 08:46:40.434064+00:00,1030,1.5034953087502099,2.196774679888863,582.0792255966119,2854.791643223223,8.132031408771722
2026-04-06 08:50:40.795159+00:00,1030,1.5011882856230983,2.253761684424599,580.9349294238702,2897.8692059772493,8.06849576358679
2026-04-06 08:54:40.530824+00:00,1030,1.5025709137279326,2.2236302328540054,581.6204997866666,2875.9988915947297,8.108844199551259
2026-04-06 08:58:40.196719+00:00,1030,1.5014591138911353,2.203709876140916,581.0691665128224,2860.4230024915705,8.138530829008213
2026-04-06 09:02:40.112242+00:00,997,1.5027004603065763,2.332391049992264,581.6847687464683,2945.3593358724474,8.012282366646506
2026-04-06 09:06:40.112180+00:00,981,1.5020118785364107,2.20049444959828,581.3432250341107,2857.825486160741,8.159589014228898
2026-04-06 09:10:50.269415+00:00,964,1.5013888111520948,2.1882478230608307,581.0343182533023,2847.720143602035,8.182048063478213
2026-04-06 09:14:40.219260+00:00,946,1.5015221716531366,2.336052469016141,581.1004249716143,2947.2331618202106,8.027903328342504
2026-04-06 09:18:40.516869+00:00,929,1.503135383104776,2.2627127823088196,581.9005794042121,2903.974230747279,8.102573979235663
2026-04-06 09:22:40.659715+00:00,912,1.5018621762578395,2.1459541793841845,581.2689928216312,2810.2369757233737,8.257856795436338
2026-04-06 09:26:50.818749+00:00,903,1.5012954570506578,2.2919344845505356,580.988046334542,2922.6548819133923,8.079626557470922
2026-04-06 09:30:39.983432+00:00,903,1.502904176649933,2.207172732915046,581.7858455753357,2863.194489954387,8.175501904263434
2026-04-06 09:34:40.366965+00:00,903,1.5032320330848568,2.2587240368168695,581.9485464425096,2901.2759154701025,8.113999940124904
2026-04-06 09:38:40.774188+00:00,903,1.5026035468870282,2.2933804105245197,581.6366887776796,2923.529541609071,8.077397905493044
2026-04-06 09:42:39.987722+00:00,912,1.501198485746273,2.375545729681523,580.9399846961271,2965.5353410795924,8.00679572064756
2026-04-06 09:46:40.803799+00:00,895,1.5041323596215548,2.301268760506448,582.3955305265041,2928.2188112401136,8.068076356715958
2026-04-06 09:50:39.993772+00:00,894,1.5027019369327321,2.1919483428779807,581.6855013444185,2850.809071906102,8.19026018184641
2026-04-06 09:54:40.057939+00:00,903,1.504470731316413,2.341094129012342,582.5635940682564,2949.7642009356314,8.026453399162603
2026-04-06 09:58:40.854757+00:00,920,1.5026370374870905,2.2248996155482024,581.6533035194078,2876.961295864213,8.136750024071075
2026-04-06 10:02:40.113789+00:00,929,1.5038853280583069,2.1972654630757384,582.2728591273595,2855.1937013612305,8.165953315364428
2026-04-06 10:06:40.538471+00:00,930,1.5007751552695319,2.29350050420098,580.7302084907834,2923.601977145612,8.05113381682612
2026-04-06 10:10:40.413491+00:00,938,1.502328723121952,2.282921931712966,581.5003628953527,2917.097463605259,8.054900682753367
2026-04-06 10:14:40.197492+00:00,938,1.502224159365712,2.1743926615694633,581.4485010666142,2835.8823268620645,8.179754419610392
2026-04-06 10:18:39.940911+00:00,938,1.50488156818778,2.305739140484673,582.7677031474424,2930.814351172994,8.02085821691018
2026-04-06 10:22:40.311527+00:00,929,1.502080899088863,2.2484404202114145,581.3774525593959,2894.1547892213703,8.074694760167977
2026-04-06 10:26:40.177910+00:00,920,1.501280025837459,2.368091433513197,580.9803979849249,2962.3484138718222,7.959412730143663
2026-04-06 10:30:40.703240+00:00,920,1.5021204368648495,2.1691301101051557,581.3970602173323,2831.2732943704286,8.162291206482418
2026-04-06 10:34:40.496430+00:00,929,1.5018598217575163,2.2187069670620594,581.2678253676905,2872.2320743456994,8.086347324758895
2026-04-06 10:38:40.416696+00:00,938,1.502726978059157,2.3239272187293354,581.6979251033106,2940.91276891709,7.965304727823018
2026-04-06 10:42:40.292954+00:00,938,1.5015664339990866,2.262988656015081,581.1223671459642,2904.1595362492026,8.014950225959554
2026-04-06 10:46:39.907650+00:00,938,1.5016142288483993,2.2352602106314943,581.1460612476552,2884.6813578853034,8.036299203356254
2026-04-06 10:50:40.158933+00:00,938,1.5036564944604942,2.2795238756773597,582.1592433515991,2914.954867905082,7.97713833821505
2026-04-06 10:54:40.577970+00:00,938,1.5000464841808412,2.0923861023596872,580.3692692223754,2757.0083302297735,8.220084903396069
2026-04-06 10:58:40.154180+00:00,938,1.5036153793020675,2.265528917594093,582.138831614633,2905.857825360308,7.969248903340903
2026-04-06 11:02:39.959730+00:00,938,1.5039120063305917,2.2219214738480426,582.2861060567158,2874.6976650025317,8.007326415854884
2026-04-06 11:06:39.920608+00:00,938,1.5039053019180102,2.1420830588074917,582.2827769993798,2806.605930128261,8.104278287819023
2026-04-06 11:10:40.969192+00:00,938,1.5007649423137819,2.2826990991417415,580.7251483498692,2916.9577524415145,7.913825373438881
2026-04-06 11:14:40.330136+00:00,938,1.5009762442909165,2.22388145722528,580.8298479719793,2876.189648245122,7.965848132752707
2026-04-06 11:18:40.227985+00:00,938,1.5025915922112856,2.3195731703847566,581.6307581372704,2938.562792522235,7.851546233498547
2026-04-06 11:22:39.917407+00:00,929,1.5028134494396659,2.274396184167397,581.7408281777406,2911.6726942815794,7.881968793180025
2026-04-06 11:26:40.204582+00:00,920,1.5008630772241103,2.246867733449581,580.7737720471686,2893.0448549320017,7.898623066746502
2026-04-06 11:30:39.790422+00:00,920,1.5040716724135963,2.244852220648244,582.3653924012101,2891.6142903761183,7.88545340116381
2026-04-06 11:34:40.230748+00:00,918,1.5047677854408514,2.3042199439004163,582.7111685506308,2929.9373161867634,7.808269081724281
2026-04-06 11:38:40.072303+00:00,912,1.5019835374543085,2.137154720933553,581.3291710721442,2801.934644542657,7.998788476849239
2026-04-06 11:42:40.183331+00:00,912,1.5023210384404,2.3315392844785556,581.4965512965852,2944.919115812395,7.752016617778042
2026-04-06 11:46:40.036071+00:00,920,1.5048952943455522,2.2796067030611433,582.7745234898496,2915.007401181496,7.781263554574036
2026-04-06 11:50:40.058136+00:00,903,1.5031286936628214,2.3403046508385335,581.897259577696,2949.3716243817707,7.7114188569522275
2026-04-06 11:54:40.199277+00:00,878,1.5031087963247067,2.2162451896172506,581.8873850471592,2870.3281858811424,7.824969464908142
2026-04-06 11:58:39.785356+00:00,834,1.5029590190350757,2.212320678272643,581.8130588737749,2867.26496819734,7.819491527025158
2026-04-06 12:02:39.872103+00:00,808,1.500322201463268,2.1772474404092024,580.5058212448193,2838.356627714421,7.851741059894506
2026-04-06 12:06:40.106075+00:00,782,1.50150500047446,2.2821146754618136,581.0919128846344,2916.59080295443,7.711293386427082
2026-04-06 12:10:40.021993+00:00,747,1.5043110561415869,2.185491468241869,582.4842811489518,2845.399396213221,7.8123623998284195
2026-04-06 12:14:40.319052+00:00,739,1.501344005789707,2.2756455569078695,581.0121096401554,2912.4778315963194,7.68561617701258
2026-04-06 13:37:09.499784+00:00,728,1.5039664337564123,2.2279375845703258,582.3131324187266,2879.249923095902,7.234609513732835
2026-04-06 13:41:10.756412+00:00,772,1.5034091283214261,2.188866134037893,582.0364465557825,2848.2384004381483,7.248384240549196
2026-04-06 13:45:09.343270+00:00,797,1.5015809500612585,2.200865720186049,581.1295633412344,2858.126592572171,7.199725850079921
2026-04-06 13:50:38.355599+00:00,805,1.503560584457492,2.2536616026927963,582.11162946781,2897.799931108976,7.09902564615727
2026-04-06 13:54:37.176995+00:00,810,1.5032700057223376,2.19223295442919,581.9673930101321,2851.0453744245688,7.144669997900996
2026-04-06 13:58:36.616904+00:00,823,1.5049331789196372,2.238621492052095,582.7933481617714,2887.1342964980204,7.055388386657241
2026-04-06 14:02:37.021491+00:00,821,1.5028309863535068,2.0728461940200833,581.7495294934072,2735.9917180327284,7.269749773219015
2026-04-06 14:06:36.647723+00:00,823,1.502821923103167,2.1347395411852395,581.7450325542275,2799.625564440782,7.137832351723991
2026-04-06 14:10:37.657678+00:00,831,1.5012927110413548,2.162654125551577,580.9866852923695,2825.516345231029,7.065272644983849
2026-04-06 14:24:50.638476+00:00,828,1.5049327561051318,2.2529901187074794,582.7931380644296,2897.3345608711943,6.845958532868507
2026-04-06 14:28:50.802506+00:00,866,1.499960913312608,2.15790708130036,580.3268946332973,2821.2366796530614,6.9309570974819215
2026-04-06 14:32:50.443779+00:00,884,1.5027566289053922,2.2265727150826713,581.7126361820327,2878.2242691803103,6.805597867082692
2026-04-06 14:36:50.390569+00:00,884,1.503045621269178,2.1573834994135916,581.8560338202642,2820.7615560901713,6.867504818512431
2026-04-06 14:40:50.734004+00:00,884,1.5031178989467504,2.124530736608834,581.891902424348,2789.7208435974326,6.886802133336108
2026-04-06 14:44:50.738061+00:00,875,1.5031335701089095,2.1698557673878707,581.8996796517339,2831.912526032491,6.789931153226101
2026-04-06 14:48:50.390957+00:00,858,1.5024976426124055,2.17124208365348,581.584152043685,2833.1304519617934,6.760335121917102
2026-04-06 14:52:50.714667+00:00,832,1.5045368054718442,2.2259844122086974,582.5964166192337,2877.7808917810116,6.662502189276307
2026-04-06 14:56:50.355550+00:00,823,1.5039614535778076,2.230487740078621,582.3106594296538,2881.155093952051,6.627742735686459
2026-04-06 15:00:50.762214+00:00,816,1.5037644813809923,2.2366535771489757,582.2128565499385,2885.701257298787,6.590641414373891
2026-04-06 15:04:50.604828+00:00,807,1.5055039524382263,2.2648992007557247,583.0770231188253,2905.4381768097737,6.529421158533583
2026-04-06 15:08:50.279394+00:00,798,1.5017329101936456,2.1880014560612207,581.2049004507295,2847.5134046585126,6.593004320126389
2026-04-06 15:12:50.395738+00:00,807,1.5023071820300915,2.094553153009624,581.4896785745469,2759.2864492863873,6.701866410499205
2026-04-06 15:16:50.598741+00:00,807,1.502778041619302,2.109579126063355,581.7232601527711,2774.7931061410573,6.6455956030756225
2026-04-06 15:20:50.283068+00:00,807,1.5009249485591074,2.157543533507984,580.804429644735,2820.906843963334,6.540080856672177
2026-04-06 15:24:50.550859+00:00,807,1.503996381393665,2.250798684216411,582.3280035884347,2895.808763594382,6.388256177572584
2026-04-06 15:28:50.689051+00:00,807,1.5020347202163409,2.1174051900729887,581.3545521182676,2782.66915343875,6.538752783662509
2026-04-06 15:32:50.584533+00:00,807,1.502661983843554,2.1045062128075074,581.6656796997399,2769.614479529806,6.528326731804228
2026-04-06 15:36:50.572662+00:00,807,1.5030115014143153,2.195763154063562,581.8391020891153,2853.9612810553544,6.361302094961948
2026-04-06 15:40:50.152520+00:00,815,1.5025059836055397,2.1374273986363317,581.588289682597,2802.194522261402,6.41163085981325
2026-04-06 15:44:50.592903+00:00,824,1.5013400995562527,2.2324965226233373,581.0101734755522,2882.6455552222515,6.2492137764854485
2026-04-06 15:48:50.131322+00:00,824,1.5028975554412023,2.140443592987498,581.7825601407042,2805.058016769629,6.342621037300126
2026-04-06 15:52:50.236601+00:00,815,1.501146451187972,2.155665932259115,580.914196279236,2819.1986396840484,6.2902839595163655
2026-04-06 15:56:50.965156+00:00,824,1.5025383744906131,2.162477597400349,581.6043577557348,2825.35810143893,6.247442882440861
2026-04-06 16:00:50.349445+00:00,824,1.5019975664844312,2.1546080576218825,581.3361278450903,2818.232727123911,6.227717791507077
2026-04-06 16:04:50.559484+00:00,833,1.5031948671759627,2.1208667926624547,581.9301007530405,2786.1090866402,6.2465624245404605
2026-04-06 16:08:50.551769+00:00,833,1.5031264285478039,2.1055636096503525,581.8961354532189,2770.698668451626,6.24031074651113
2026-04-06 16:12:50.320275+00:00,833,1.502131082875886,2.1933783464668157,581.4023399020216,2851.994516248653,6.07866396081032
2026-04-06 16:16:50.181714+00:00,841,1.5032277053451983,2.1435505984814096,581.9463985317631,2807.986409552487,6.1170763172946865
2026-04-06 16:20:50.527358+00:00,850,1.5033019731950898,2.154526346000829,581.9832594828786,2818.15801444523,6.068298870967069
2026-04-06 16:24:50.462932+00:00,850,1.503249557230343,2.0757619028442416,581.9572439589832,2739.182085136077,6.164667056106341
2026-04-06 16:28:50.708993+00:00,850,1.5007239232680178,2.1549569092268728,580.7048252958624,2818.5515298416285,6.0065734695419835
2026-04-06 16:32:51.311208+00:00,850,1.4993746407894242,2.182014701431147,580.0366410343931,2842.447808632115,5.937807649436246
2026-04-06 16:36:50.461504+00:00,841,1.502362263248047,2.1965016917753966,581.5169990224057,2854.56777300023,5.889816851666271
2026-04-06 16:40:50.256471+00:00,849,1.49973222461327,2.269065381163143,580.2136606486795,2908.1980466993155,5.772040456950896
2026-04-06 16:44:50.330308+00:00,841,1.5028062170175154,2.1299407805954202,581.7372396874408,2794.998829016906,5.9256718200466505
2026-04-06 16:48:51.644340+00:00,841,1.5006061964394612,2.1505196407316616,580.6465002791203,2814.4761468899997,5.864651967814225
2026-04-06 16:52:50.346967+00:00,849,1.5029344802024949,2.084291479255565,581.8008823496905,2748.405765984,5.939853734560721
2026-04-06 16:56:50.107338+00:00,858,1.5010048174888957,2.059429134968482,580.8440071049035,2721.065256992858,5.952788858245326
2026-04-06 17:00:50.146013+00:00,867,1.4999600320188542,2.204604521677627,580.3264582308352,2861.1416037490253,5.696749917103682
2026-04-06 17:04:51.035989+00:00,859,1.4999915891731241,2.066633697943738,580.3420849917444,2729.1304713119334,5.8815871200922265
2026-04-06 17:08:50.024530+00:00,867,1.5026331841965892,2.1638961961859446,581.6513918759249,2826.6277910472418,5.694624019324609
2026-04-06 17:12:50.563501+00:00,875,1.499917823647892,2.194835094777136,580.3055576391374,2853.1974198442404,5.621926765577079
2026-04-06 17:16:50.231018+00:00,885,1.503107381971956,2.2533415669180132,581.8866831459472,2897.5782571618383,5.520451935637637
2026-04-06 17:20:50.456803+00:00,875,1.5026374607769892,2.1991373885496968,581.6535135167027,2856.722260004195,5.56003195176798
2026-04-06 17:24:50.523645+00:00,875,1.50409434393926,2.2103237829906996,582.376651252142,2865.693073844397,5.517870294970302
2026-04-06 17:28:50.091648+00:00,875,1.5040099248980572,2.1891273828463387,582.3347290206741,2848.457116912221,5.5181058528736715
2026-04-06 17:32:50.439724+00:00,884,1.5041402122949101,2.2114829540767005,582.3994303682509,2866.606625539742,5.460023806277717
2026-04-06 17:36:50.401799+00:00,884,1.5009456134658095,2.103950849668722,580.8146695173912,2769.0440412212292,5.589957845816154
2026-04-06 17:40:49.977113+00:00,902,1.5018142747115775,2.276507706623143,581.2452417260902,2913.0313898944396,5.328422452680754
2026-04-06 17:44:50.444558+00:00,892,1.5033050052375363,2.108902476732909,581.9847644002626,2774.105689146213,5.5273243862139685
2026-04-06 17:48:50.364436+00:00,900,1.5017416889790973,2.1054047586162086,581.209252943199,2770.535952406586,5.505513084254763
2026-04-06 17:52:50.214794+00:00,905,1.5025063635342426,2.2238085498912112,581.5884781508686,2876.1343036961125,5.309055252079527
2026-04-06 17:56:50.040422+00:00,910,1.500722572563942,2.283254186544915,580.7041560938702,2917.3055735048492,5.2165025244767875
2026-04-06 18:00:50.596735+00:00,928,1.5029460072642766,2.19403571693585,581.8066022187492,2852.5379258168214,5.292158474993204
2026-04-06 18:04:50.003383+00:00,928,1.5023702406879156,2.1926389546914713,581.5209559431905,2851.3821473844155,5.269260976983994
2026-04-06 18:08:50.355920+00:00,928,1.5010134976172012,2.104112457600959,580.84830850246,2769.2101072489613,5.376963810329758
2026-04-06 18:12:50.467417+00:00,925,1.5038965244133702,2.122577855278388,582.27841857749,2787.7995217400157,5.323574609875543
2026-04-06 18:16:50.002140+00:00,927,1.5009231843503734,2.078869664643286,580.8035554510102,2742.561623165132,5.372222567098681
2026-04-06 18:20:50.308377+00:00,942,1.5030146893345162,2.091878737074016,581.8406840544068,2756.473440542807,5.323684705343813
2026-04-06 18:24:50.392066+00:00,945,1.5036881558817827,2.243438049320794,582.1749621525801,2890.6051100252143,5.0844853908612775
2026-04-06 18:28:50.081890+00:00,947,1.5022700111738465,2.054126706803717,581.4712423116422,2715.0551029511453,5.343762025605663
2026-04-06 18:32:50.368441+00:00,945,1.5022119345501062,2.19084841135757,581.4424380144467,2849.894132900208,5.10512846161915
2026-04-06 18:36:49.911986+00:00,940,1.5035675922160554,2.2077843183981556,582.1151083152207,2863.6811787465176,5.062079733261284
2026-04-06 18:40:49.892172+00:00,948,1.5039541265762282,2.1252026650565976,582.3070211028862,2790.37993733617,5.157002973576765
2026-04-06 18:44:50.767429+00:00,953,1.5021993804554776,2.148249088576046,581.436211705902,2812.3737075156523,5.099678686120711
2026-04-06 18:48:50.353101+00:00,947,1.501507392288682,1.919455550906324,581.0930985473273,2541.2891207909115,5.51605118849668
2026-04-06 18:52:50.067822+00:00,953,1.500893504462319,2.146158342874956,580.7888487513668,2810.427545422993,5.062003798381454
2026-04-06 18:56:50.258458+00:00,959,1.5014462169831715,2.0792598295601423,581.062773536062,2742.9843792265074,5.149539784384956
2026-04-06 19:00:50.276524+00:00,962,1.5041654026879048,1.9978689380909886,582.4119407164054,2647.4082820388967,5.283302162351567
2026-04-06 19:04:49.928143+00:00,962,1.5000854068504583,2.160113612296139,580.3885445154291,2823.232243370584,4.981703754629145
2026-04-06 19:08:50.205788+00:00,970,1.501413301127691,2.0793103553244756,581.0464574590687,2743.039100547484,5.090667638935931
2026-04-06 19:12:49.890443+00:00,970,1.5005485926712028,2.12331910915966,580.6179635741387,2788.5298028705065,4.999507884606802
2026-04-06 19:16:49.923403+00:00,964,1.5010742409584121,2.1277802780137587,580.8784103124153,2792.89892998898,4.9760453934741165
2026-04-06 19:20:50.215180+00:00,977,1.5023555117573626,2.171340404472576,581.5136502065919,2833.216666595489,4.8916644422724485
2026-04-06 19:24:50.367686+00:00,979,1.5021315910967974,2.1171535771647862,581.4025919453999,2782.418068827783,4.956314871011746
2026-04-06 19:28:49.874720+00:00,979,1.5017164751977743,2.1108521293109046,581.1967521062656,2776.083586222935,4.950319342269496
2026-04-06 19:32:50.330825+00:00,980,1.502311738094354,2.10248692995368,581.4919383562042,2767.5370718555905,4.9481645114424415
2026-04-06 19:36:50.393730+00:00,987,1.5024706802490553,2.1173717740769415,581.5707772392329,2782.635815773496,4.907340149055449
2026-04-06 19:40:49.877178+00:00,987,1.5003094467417815,2.185751001394958,580.4995037505189,2845.618639423279,4.791326842179534
2026-04-06 19:44:50.275282+00:00,987,1.5023733858944959,2.181980603118762,581.5225160153067,2842.4187268750147,4.782209352381831
2026-04-06 19:48:50.222133+00:00,989,1.501260823240179,2.1013026790526443,580.970880495591,2766.3144818713226,4.890422565084009
2026-04-06 19:52:49.897414+00:00,996,1.5014111844673406,2.1274609887114893,581.0454082634277,2792.5877098666097,4.833585494984592
2026-04-06 19:56:49.823071+00:00,996,1.501492418812239,2.115543276277087,581.0856759747543,2780.807789767062,4.839747558710597
2026-04-06 20:00:49.789895+00:00,996,1.5006535264458698,2.0605859545883924,580.6699482546315,2722.3681078458367,4.921432621171148
2026-04-06 20:04:50.199528+00:00,996,1.4999645194497295,2.2584543479340433,580.3286803370636,2901.092189018529,4.622309235469836
2026-04-06 20:08:49.917883+00:00,1017,1.5020304095245782,2.0848179268271325,581.3524144522299,2748.9697123220785,4.851681869117924
2026-04-06 20:12:50.097016+00:00,1029,1.5027370703089877,2.1670116986679537,581.702932274746,2829.400434956703,4.709360377107784
2026-04-06 20:16:50.097700+00:00,1025,1.5015815031184478,2.1351746712159465,581.1298375153431,2800.042544378309,4.747087542535917
2026-04-06 20:20:49.695290+00:00,1037,1.5005244503642887,2.1912689274887986,580.6060039000681,2850.244244426639,4.65440548086695
2026-04-06 20:24:51.249559+00:00,1040,1.5026035225268546,1.988212808728178,581.6366766926986,2635.084221965016,4.990592781125473
2026-04-06 20:28:50.019046+00:00,1051,1.5036684799867386,2.1747148269093293,582.1651937101838,2836.162468945303,4.6565663321916855
2026-04-06 20:32:49.775977+00:00,1051,1.502054697144449,2.1645018335065696,581.3644587328558,2827.168481546176,4.662896046192042
2026-04-06 20:36:50.245056+00:00,1040,1.504276264315161,1.9727956602176961,582.4670007277537,2614.974307570659,4.998535431297228
2026-04-06 20:40:49.749359+00:00,1040,1.5017970694949874,2.1479308996322795,581.2367110311146,2812.0781545520513,4.674562324806999
2026-04-06 20:44:49.959090+00:00,1040,1.5025006875851272,2.169993831755833,581.5856625322058,2832.0340133582104,4.635945377775858
2026-04-06 20:48:49.934177+00:00,1051,1.502027761281911,2.0598144448773215,581.3511011955641,2721.499539595812,4.8055988760788475
2026-04-06 20:52:49.650668+00:00,1063,1.5031312850807292,2.10076810561342,581.8985456409673,2765.7615726204085,4.726719371779048
2026-04-06 20:56:49.732677+00:00,1074,1.502742832971052,2.1185172087846342,581.7057913791788,2783.7771383518057,4.690768324535161
2026-04-06 21:00:49.687948+00:00,1074,1.5032961565492313,2.083739077965679,581.9803724703656,2747.8133495380935,4.744219179469389
2026-04-06 21:04:49.986178+00:00,1062,1.5023817369789687,2.1116919560801612,581.5266583016253,2776.9329547736643,4.695830884404241
2026-04-06 21:08:49.628279+00:00,1074,1.50329384272379,2.2416866784683216,581.9792240380489,2889.349085949857,4.509543759496184
2026-04-06 21:12:49.817527+00:00,1074,1.503304697609904,2.169917468157049,581.9846117128847,2831.9668238241093,4.599065669508836
2026-04-06 21:16:49.637086+00:00,1085,1.5019543726381217,2.1495134117050427,581.3147089210886,2813.545844919193,4.624420811477531
2026-04-06 21:20:50.235958+00:00,1097,1.5016724396007224,2.1871139917787263,581.1749200557865,2846.7675613473793,4.567103160470113
2026-04-06 21:24:49.587638+00:00,1096,1.4998918020263956,2.086181220621139,580.2926726505536,2750.4272268336754,4.72109229261799
2026-04-06 21:28:49.978066+00:00,1096,1.5035549595350706,2.0478809244407326,582.1088371112398,2707.894871532927,4.788928094765276
2026-04-06 21:32:50.274452+00:00,1108,1.5025291175927566,2.1137694164823766,581.5997656703421,2779.0272282253327,4.672301380793183
2026-04-06 21:36:49.971731+00:00,1108,1.5011081104714916,2.1474768528174044,580.8951951516883,2811.656015807097,4.620388664719644
2026-04-06 21:40:49.944682+00:00,1108,1.5028631593398327,2.1524322222096917,581.7654930865424,2816.238156054893,4.614117825638559
2026-04-06 21:44:49.670795+00:00,1119,1.5042807564256917,2.109466550527152,582.4692318478237,2774.6788103128765,4.68051073541841
2026-04-06 21:48:50.011400+00:00,1119,1.502906682766661,2.029234861951851,581.7870891109501,2685.9988101800927,4.825283039198253
2026-04-06 21:52:49.901422+00:00,1119,1.503063011939659,2.1623902972718967,581.8646639695447,2825.2798178414005,4.604083251929819
2026-04-06 21:56:49.900725+00:00,1119,1.5035149167986157,2.0849953996639874,582.0889591803767,2749.1596865494766,4.729754014255461
2026-04-06 22:00:49.892622+00:00,1119,1.5027379364369315,2.0946171395235216,581.7033619973278,2759.35355537346,4.717192768002504
2026-04-06 22:04:50.082196+00:00,1119,1.5035401539118691,2.188567132451463,582.1014872703333,2847.9878898023,4.579057519001552
2026-04-06 22:08:49.590084+00:00,1119,1.5015145486829269,2.1393337286712026,581.0966461045738,2804.006711681737,4.654685505325229
2026-04-06 22:12:49.656336+00:00,1130,1.5019844781175697,2.2383586114680822,581.3296375299711,2886.9433685664353,4.524723196656555
2026-04-06 22:16:49.767766+00:00,1142,1.5003743763383923,2.133597972142784,580.5316643745876,2798.5295957731996,4.670611207575671
2026-04-06 22:20:49.848661+00:00,1142,1.501817547160009,2.137096028856369,581.2468642838928,2801.8786857872046,4.671758152226113
2026-04-06 22:24:49.738924+00:00,1153,1.5019781551542213,2.127244576126114,581.3265020931605,2792.3766366373948,4.692031714493682
2026-04-06 22:28:49.535346+00:00,1153,1.5016731068323936,2.1457732724330567,581.1752508521549,2810.068036027029,4.671187354549909
2026-04-06 22:32:50.053231+00:00,1164,1.5018620386084836,2.1244471284909547,581.2689245696097,2789.6387617290293,4.7100938335372025
2026-04-06 22:36:49.567696+00:00,1164,1.5001547889947189,2.1405095090318667,580.4229052508658,2805.1203680838416,4.693861596796006
2026-04-06 22:40:49.462447+00:00,1164,1.5021305457219718,2.1234041637332868,581.4020735099175,2788.613519641586,4.72958653564118
2026-04-06 22:44:49.485120+00:00,1164,1.5034206415607108,2.174498006448492,582.0421614556378,2835.973956142874,4.663147736630711
2026-04-06 22:48:49.521893+00:00,1164,1.5032826837608022,2.1948638317273956,581.9736854812786,2853.221101428221,4.64564544563266
2026-04-06 22:52:49.413202+00:00,1164,1.5020990058433326,2.1226605992894627,581.3864320325629,2787.881101942963,4.761444697123107
2026-04-06 22:56:49.753993+00:00,1164,1.5030924184574295,2.1266633903779497,581.8792572410232,2791.8092706062153,4.766387254303953
2026-04-06 23:00:49.439237+00:00,1175,1.5019489274855744,2.18318110053788,581.3120088296778,2843.441037856287,4.693070572480101
2026-04-06 23:04:49.582042+00:00,1176,1.5029475613536865,2.2516089093330307,581.8073733804383,2896.3741407324005,4.6200507952067005
2026-04-06 23:08:49.414834+00:00,1187,1.5027300780027084,2.1092903441456325,581.6994631063583,2774.4998542703815,4.826708804714163
2026-04-06 23:12:49.426644+00:00,1198,1.502099660876923,2.1440894557502905,581.3867568779119,2808.492088346464,4.783261507588217
2026-04-06 23:16:49.915484+00:00,1198,1.5000395222897105,2.1743777977257213,580.3658216081428,2835.8693962458483,4.753015573813
2026-04-06 23:20:49.401947+00:00,1198,1.4996286189993122,2.306703160863202,580.1623668129464,2931.3681998191896,4.613733696028597
2026-04-06 23:24:49.829399+00:00,1198,1.5028865110454337,2.100270168914524,581.7770799604939,2765.245980720787,4.895575875682814
2026-04-06 23:28:49.788450+00:00,1198,1.501036600728712,2.281481291725135,580.8597572694802,2916.1922480886415,4.668113037297691
2026-04-06 23:32:49.577908+00:00,1209,1.5030907368372746,2.219667618958109,581.878422712547,2872.97133931839,4.751241032116483
2026-04-06 23:36:49.801942+00:00,1209,1.5046199333980037,2.177998516947662,582.6377128339761,2839.0045682472683,4.822033445110084
2026-04-06 23:40:49.374387+00:00,1209,1.5031592844238812,2.0530551820042824,581.9124412424795,2713.8329073938567,5.039933776555511
2026-04-06 23:44:50.082133+00:00,1209,1.5019647197582888,2.1156434450509103,581.319839782652,2780.9081266638977,4.9491994819970495
2026-04-06 23:55:13.869703+00:00,1217,1.5034100423075911,2.15102180103147,582.0369002352365,2814.9395670134163,4.942371359279416
2026-04-06 23:59:12.995655+00:00,1251,1.5041375766127931,2.224557283498534,582.3981214176074,2876.7021065162635,4.855464417229527
2026-04-07 00:03:13.474059+00:00,1265,1.502201806640324,2.1484088943997586,581.4374149883855,2812.5220591604075,4.975251360568596
2026-04-07 00:07:13.146410+00:00,1290,1.50370503511071,2.2048646325160806,582.1833422478913,2861.350194631297,4.9117019395198485
2026-04-07 00:11:13.094792+00:00,1347,1.5025601387259115,2.181358751833318,581.6151544943776,2841.887905546995,4.9523508818425634
2026-04-07 00:15:13.290224+00:00,1367,1.502826863614718,2.140540102041542,581.7474838986375,2805.1493033199913,5.028161183995832
2026-04-07 00:19:13.339279+00:00,1367,1.5009779711982172,2.1956692253831958,580.8307037138385,2853.8840586087827,4.970723829223466
2026-04-07 00:23:13.081006+00:00,1371,1.5019646632494106,2.2047472561046804,581.3198117613025,2861.2560856473347,4.979442811843954
2026-04-07 00:27:12.918414+00:00,1367,1.5013156817827278,2.1228582444241395,580.9980706754434,2788.0759050764846,5.119580172924166
2026-04-07 00:31:13.031020+00:00,1379,1.5019087481315834,2.181246604318365,581.2920853832246,2841.792082565362,5.053072414449695
2026-04-07 00:35:13.086897+00:00,1379,1.5014453073588203,2.2926922295743473,581.0623226388852,2923.113836124293,4.94482523607442
2026-04-07 00:39:13.225859+00:00,1367,1.5031685784787063,2.237801561826858,581.9170537849773,2886.5382764178294,5.028773237054458
2026-04-07 00:43:13.546793+00:00,1379,1.5009923463392603,2.2928189805407815,580.837827129701,2923.190481576882,4.99083850611705
2026-04-07 00:47:12.878122+00:00,1377,1.5014155006082937,2.1844617700829345,581.0475477090598,2844.528061108922,5.141308951501826
2026-04-07 00:51:12.958443+00:00,1379,1.5026184174786823,2.149392465131186,581.6440660547934,2813.4338718729023,5.2149034180029314
2026-04-07 00:55:12.831459+00:00,1374,1.501860150012629,2.130666505335881,581.2679881293817,2795.7018498920033,5.268682473279991
2026-04-07 00:59:13.197661+00:00,1379,1.5015415852014204,2.1484093594768154,581.1100487673531,2812.522490819272,5.265367847917673
2026-04-07 01:03:13.246230+00:00,1379,1.5037341360738925,2.3395352714536553,582.197790345825,2948.9876984129596,5.070964120306099
2026-04-07 01:07:13.120877+00:00,1379,1.5019352809976487,2.1072284586457894,581.3052419816274,2772.4006232130323,5.380218018807912
2026-04-07 01:11:13.042602+00:00,1379,1.503993202838681,2.1075569337138034,582.3264251910746,2772.73568566669,5.405334526474278
2026-04-07 01:15:13.322708+00:00,1379,1.5010591594185512,2.080979858927254,580.8709364255257,2744.844018996466,5.476146867211746
